Workbook

Sheet II IT
C1: Chennai Institute of Technology
C2: Sarathy Nagar, Pudupedu, Kundrathur, Chennai-600069
C3: 2025-26 Academic Year - ODD SEMESTER
C4: End Semester Result Analysis OCT/NOV 2025
A5: Year: II Semester:III Branch: IT Section: A,B&C | W5: =G7 -> EES | X5: =H7 -> CA | Y5: =I7 -> OS | Z5: =J7 -> DAA | AA5: =K7 -> AIML | AB5: =L7 -> PYTHON | AC5: {=M6:N7} -> IT4306 | AD5: MA4302 | AJ5: =W7+X7+Y7+Z7+AA7+AB7+AC7+AD7 -> 23
A6: Sno | B6: Reg No | C6: Name of the Students | D6: M/F | E6: H/D | F6: Cutoff | G6: ES4301 | H6: IT4301 | I6: IT4302 | J6: IT4303 | K6: IT4304 | L6: IT4305 | M6: IT4306 | N6: MA4302 | O6: Arr | P6: To. Arr | Q6: Cr. Ernd | R6: GPA | S6: CGPA | U6: FS/HS | V6: T/NT | W6: =G6 -> ES4301 | X6: =H6 -> IT4301 | Y6: =I6 -> IT4302 | Z6: =J6 -> IT4303 | AA6: =K6 -> IT4304 | AB6: =L6 -> IT4305 | AC6: CCP | AD6: DM | AG6: Numr | AH6: Credit earned | AI6: GPA | AJ6: P/F
G7: EES | H7: CA | I7: OS | J7: DAA | K7: AIML | L7: PYTHON | M7: CCP | N7: DM | W7: 1 | X7: 4 | Y7: 4 | Z7: 4 | AA7: 3 | AB7: 1 | AC7: 3 | AD7: 3 | AK7: 180 | AL7: 160 | AM7: 140 | AN7: 120 | AO7: 110 | AP7: 100 | AQ7: <100 | AS7: =AK7 -> 180 | AT7: =AL7 -> 160 | AU7: =AM7 -> 140 | AV7: =AN7 -> 120 | AW7: =AO7 -> 110 | AX7: =AP7 -> 100 | AY7: =AQ7 -> <100 | AZ7: H/D | BA7: T/NT | BB7: HM | BC7: HF | BD7: DM | BE7: DF | BG7: HM | BH7: HF | BI7: DM | BJ7: DF | BK7: M | BL7: F | BP7: HMT | BQ7: HFT | BR7: DMT | BS7: DFT | BT7: HMNT | BU7: HFNT | BV7: DMNT | BW7: DFNT | BY7: HMT | BZ7: HFT | CA7: DMT | CB7: DFT | CC7: HMNT | CD7: HFNT | CE7: DMNT | CF7: DFNT | CG7: M | CH7: F | CK7: =G6 -> ES4301 | CL7: =H6 -> IT4301 | CM7: =I6 -> IT4302 | CN7: =J6 -> IT4303 | CO7: =K6 -> IT4304 | CP7: =L6 -> IT4305 | CQ7: {=M6:N6} -> IT4306 | CR7: MA4302 | CT7: FAIL | CU7: =A6 -> Sno | CV7: =B6 -> Reg No | CW7: =C6 -> Name of the Students | CX7: NAME OF THE SUBJECT FAILED | CY7: TOTAL NO OF SUB FAIL | DA7: H | DB7: D
A8: 1 | B8: 24IT0001 | C8: ABARNA G | D8: F | E8: H | G8: O | H8: B+ | I8: O | J8: A+ | K8: O | L8: A | M8: O | N8: B+ | O8: =COUNTIF(G8:N8,"U")+COUNTIF(G8:N8,"UA")+COUNTIF(G8:N8,"WH") -> 0 | Q8: =AH8 -> 23 | R8: 8.68 | V8: T | W8: =IF(G8="O",10,IF(G8="A+",9,IF(G8="A",8,IF(G8="B+",7,IF(G8="B",6,IF(G8="C",5,IF(G8="RA",0,IF(G8="U",0,IF(G8="UA",0,0))))))))) -> 10 | X8: =IF(H8="O",10,IF(H8="A+",9,IF(H8="A",8,IF(H8="B+",7,IF(H8="B",6,IF(H8="C",5,IF(H8="RA",0,IF(H8="U",0,IF(H8="UA",0,0))))))))) -> 7 | Y8: =IF(I8="O",10,IF(I8="A+",9,IF(I8="A",8,IF(I8="B+",7,IF(I8="B",6,IF(I8="C",5,IF(I8="RA",0,IF(I8="U",0,IF(I8="UA",0,0))))))))) -> 10 | Z8: =IF(J8="O",10,IF(J8="A+",9,IF(J8="A",8,IF(J8="B+",7,IF(J8="B",6,IF(J8="C",5,IF(J8="RA",0,IF(J8="U",0,IF(J8="UA",0,0))))))))) -> 9 | AA8: =IF(K8="O",10,IF(K8="A+",9,IF(K8="A",8,IF(K8="B+",7,IF(K8="B",6,IF(K8="C",5,IF(K8="RA",0,IF(K8="U",0,IF(K8="UA",0,0))))))))) -> 10 | AB8: =IF(L8="O",10,IF(L8="A+",9,IF(L8="A",8,IF(L8="B+",7,IF(L8="B",6,IF(L8="C",5,IF(L8="RA",0,IF(L8="U",0,IF(L8="UA",0,0))))))))) -> 8 | AC8: =IF(M8="O",10,IF(M8="A+",9,IF(M8="A",8,IF(M8="B+",7,IF(M8="B",6,IF(M8="C",5,IF(M8="RA",0,IF(M8="U",0,IF(M8="UA",0,0))))))))) -> 10 | AD8: =IF(N8="O",10,IF(N8="A+",9,IF(N8="A",8,IF(N8="B+",7,IF(N8="B",6,IF(N8="C",5,IF(N8="RA",0,IF(N8="U",0,IF(N8="UA",0,0))))))))) -> 7 | AG8: =(W8*W$7)+(X8*X$7)+(Y8*Y$7)+(Z8*Z$7)+(AA8*AA$7)+(AB8*AB$7)+(AC8*AC$7)+(AD8*AD$7) -> 203 | AH8: =IF(W8=0,0,W$7)+IF(X8=0,0,X$7)+IF(Y8=0,0,Y$7)+IF(Z8=0,0,Z$7)+IF(AA8=0,0,AA$7)+IF(AB8=0,0,AB$7)+IF(AC8=0,0,AC$7)+IF(AD8=0,0,AD$7) -> 23 | AI8: =IF(AH8=0,0,AG8/AH8) -> 8.826087 | AJ8: =IF(AH8=23,"P","F") -> P | AK8: =IF(F8>179,1,0) -> 0 | AL8: =IF(F8>159,1,0)-AK8 -> 0 | AM8: =IF(F8>139,1,0)-(AK8+AL8) -> 0 | AN8: =IF(F8>119,1,0)-(AK8+AL8+AM8) -> 0 | AO8: =IF(F8>109,1,0)-(AK8+AL8+AM8+AN8) -> 0 | AP8: =IF(F8>=100,1,0)-(AK8+AL8+AM8+AN8+AO8) -> 0 | AQ8: =IF(F8<100,1,0) -> 1 | AS8: =IF(AK8=0,0,AJ8) -> 0 | AT8: =IF(AL8=0,0,AJ8) -> 0 | AU8: =IF(AM8=0,0,AJ8) -> 0 | AV8: =IF(AN8=0,0,AJ8) -> 0 | AW8: =IF(AO8=0,0,AJ8) -> 0 | AX8: =IF(AP8=0,0,AJ8) -> 0 | AY8: =IF(AQ8=0,0,AJ8) -> P | AZ8: =CONCATENATE(E8,D8) -> HF | BA8: =CONCATENATE(AZ8,V8) -> HFT | BB8: =IF(AZ8="HM",AJ8,"#") -> # | BC8: =IF(AZ8="HF",AJ8,"#") -> P | BD8: =IF(AZ8="DM",AJ8,"#") -> # | BE8: =IF(AZ8="DF",AJ8,"#") -> # | BG8: =IF(AZ8="HM",O8,"#") -> # | BH8: =IF(AZ8="HF",O8,"#") -> 0 | BI8: =IF(AZ8="DM",O8,"#") -> # | BJ8: =IF(AZ8="DF",O8,"#") -> # | BK8: =IF(D8="M",O8,"#") -> # | BL8: =IF(D8="F",O8,"#") -> 0 | BP8: =IF(BA8="HMT",AJ8,"#") -> # | BQ8: =IF(BA8="HFT",AJ8,"#") -> P | BR8: =IF(BA8="DMT",AJ8,"#") -> # | BS8: =IF(BA8="DFT",AJ8,"#") -> # | BT8: =IF(BA8="HMNT",AJ8,"#") -> # | BU8: =IF(BA8="HFNT",AJ8,"#") -> # | BV8: =IF(BA8="DMNT",AJ8,"#") -> # | BW8: =IF(BA8="DFNT",AJ8,"#") -> # | BY8: =IF(BA8="HMT",O8,"#") -> # | BZ8: =IF(BA8="HFT",O8,"#") -> 0 | CA8: =IF(BA8="DMT",O8,"#") -> # | CB8: =IF(BA8="DFT",O8,"#") -> # | CC8: =IF(BA8="HMNT",O8,"#") -> # | CD8: =IF(BA8="HFNT",O8,"#") -> # | CE8: =IF(BA8="DMNT",O8,"#") -> # | CF8: =IF(BA8="DFNT",O8,"#") -> # | CG8: =IF(D8="M",O8,"#") -> # | CH8: =IF(D8="F",O8,"#") -> 0 | CK8: =IF(W8=0,"EEP,"," ") | CL8: =IF(X8=0,"POC,"," ") | CM8: =IF(Y8=0,"DAV,"," ") | CN8: =IF(Z8=0,"EP,"," ") | CO8: =IF(AA8=0,"MAD,"," ") | CP8: =IF(AB8=0,"CCP,"," ") | CQ8: =IF(AC8=0,"UIUX,"," ") | CR8: =IF(AD8=0,"DEV,"," ") | CT8: =O8 -> 0 | CU8: =A8 -> 1 | CV8: =B8 -> 24IT0001 | CW8: =C8 -> ABARNA G | CX8: =CONCATENATE(CK8,CL8,CM8,CN8,CO8,CP8,CQ8,CR8,CS8) | CY8: =CT8 -> 0 | DA8: =IF(E8="H",O8,"#") -> 0 | DB8: =IF(E8="D",O8,"#") -> #
A9: 2 | B9: 24IT0002 | C9: ABHIJEETH V N | D9: M | E9: D | G9: O | H9: B+ | I9: A | J9: A+ | K9: O | L9: A | M9: O | N9: B+ | O9: =COUNTIF(G9:N9,"U")+COUNTIF(G9:N9,"UA")+COUNTIF(G9:N9,"WH") -> 0 | Q9: =AH9 -> 23 | R9: 8.36 | V9: T | W9: =IF(G9="O",10,IF(G9="A+",9,IF(G9="A",8,IF(G9="B+",7,IF(G9="B",6,IF(G9="C",5,IF(G9="RA",0,IF(G9="U",0,IF(G9="UA",0,0))))))))) -> 10 | X9: =IF(H9="O",10,IF(H9="A+",9,IF(H9="A",8,IF(H9="B+",7,IF(H9="B",6,IF(H9="C",5,IF(H9="RA",0,IF(H9="U",0,IF(H9="UA",0,0))))))))) -> 7 | Y9: =IF(I9="O",10,IF(I9="A+",9,IF(I9="A",8,IF(I9="B+",7,IF(I9="B",6,IF(I9="C",5,IF(I9="RA",0,IF(I9="U",0,IF(I9="UA",0,0))))))))) -> 8 | Z9: =IF(J9="O",10,IF(J9="A+",9,IF(J9="A",8,IF(J9="B+",7,IF(J9="B",6,IF(J9="C",5,IF(J9="RA",0,IF(J9="U",0,IF(J9="UA",0,0))))))))) -> 9 | AA9: =IF(K9="O",10,IF(K9="A+",9,IF(K9="A",8,IF(K9="B+",7,IF(K9="B",6,IF(K9="C",5,IF(K9="RA",0,IF(K9="U",0,IF(K9="UA",0,0))))))))) -> 10 | AB9: =IF(L9="O",10,IF(L9="A+",9,IF(L9="A",8,IF(L9="B+",7,IF(L9="B",6,IF(L9="C",5,IF(L9="RA",0,IF(L9="U",0,IF(L9="UA",0,0))))))))) -> 8 | AC9: =IF(M9="O",10,IF(M9="A+",9,IF(M9="A",8,IF(M9="B+",7,IF(M9="B",6,IF(M9="C",5,IF(M9="RA",0,IF(M9="U",0,IF(M9="UA",0,0))))))))) -> 10 | AD9: =IF(N9="O",10,IF(N9="A+",9,IF(N9="A",8,IF(N9="B+",7,IF(N9="B",6,IF(N9="C",5,IF(N9="RA",0,IF(N9="U",0,IF(N9="UA",0,0))))))))) -> 7 | AG9: =(W9*W$7)+(X9*X$7)+(Y9*Y$7)+(Z9*Z$7)+(AA9*AA$7)+(AB9*AB$7)+(AC9*AC$7)+(AD9*AD$7) -> 195 | AH9: =IF(W9=0,0,W$7)+IF(X9=0,0,X$7)+IF(Y9=0,0,Y$7)+IF(Z9=0,0,Z$7)+IF(AA9=0,0,AA$7)+IF(AB9=0,0,AB$7)+IF(AC9=0,0,AC$7)+IF(AD9=0,0,AD$7) -> 23 | AI9: =IF(AH9=0,0,AG9/AH9) -> 8.4782609 | AJ9: =IF(AH9=23,"P","F") -> P | AK9: =IF(F9>179,1,0) -> 0 | AL9: =IF(F9>159,1,0)-AK9 -> 0 | AM9: =IF(F9>139,1,0)-(AK9+AL9) -> 0 | AN9: =IF(F9>119,1,0)-(AK9+AL9+AM9) -> 0 | AO9: =IF(F9>109,1,0)-(AK9+AL9+AM9+AN9) -> 0 | AP9: =IF(F9>=100,1,0)-(AK9+AL9+AM9+AN9+AO9) -> 0 | AQ9: =IF(F9<100,1,0) -> 1 | AS9: =IF(AK9=0,0,AJ9) -> 0 | AT9: =IF(AL9=0,0,AJ9) -> 0 | AU9: =IF(AM9=0,0,AJ9) -> 0 | AV9: =IF(AN9=0,0,AJ9) -> 0 | AW9: =IF(AO9=0,0,AJ9) -> 0 | AX9: =IF(AP9=0,0,AJ9) -> 0 | AY9: =IF(AQ9=0,0,AJ9) -> P | AZ9: =CONCATENATE(E9,D9) -> DM | BA9: =CONCATENATE(AZ9,V9) -> DMT | BB9: =IF(AZ9="HM",AJ9,"#") -> # | BC9: =IF(AZ9="HF",AJ9,"#") -> # | BD9: =IF(AZ9="DM",AJ9,"#") -> P | BE9: =IF(AZ9="DF",AJ9,"#") -> # | BG9: =IF(AZ9="HM",O9,"#") -> # | BH9: =IF(AZ9="HF",O9,"#") -> # | BI9: =IF(AZ9="DM",O9,"#") -> 0 | BJ9: =IF(AZ9="DF",O9,"#") -> # | BK9: =IF(D9="M",O9,"#") -> 0 | BL9: =IF(D9="F",O9,"#") -> # | BP9: =IF(BA9="HMT",AJ9,"#") -> # | BQ9: =IF(BA9="HFT",AJ9,"#") -> # | BR9: =IF(BA9="DMT",AJ9,"#") -> P | BS9: =IF(BA9="DFT",AJ9,"#") -> # | BT9: =IF(BA9="HMNT",AJ9,"#") -> # | BU9: =IF(BA9="HFNT",AJ9,"#") -> # | BV9: =IF(BA9="DMNT",AJ9,"#") -> # | BW9: =IF(BA9="DFNT",AJ9,"#") -> # | BY9: =IF(BA9="HMT",O9,"#") -> # | BZ9: =IF(BA9="HFT",O9,"#") -> # | CA9: =IF(BA9="DMT",O9,"#") -> 0 | CB9: =IF(BA9="DFT",O9,"#") -> # | CC9: =IF(BA9="HMNT",O9,"#") -> # | CD9: =IF(BA9="HFNT",O9,"#") -> # | CE9: =IF(BA9="DMNT",O9,"#") -> # | CF9: =IF(BA9="DFNT",O9,"#") -> # | CG9: =IF(D9="M",O9,"#") -> 0 | CH9: =IF(D9="F",O9,"#") -> # | CK9: =IF(W9=0,"EEP,"," ") | CL9: =IF(X9=0,"POC,"," ") | CM9: =IF(Y9=0,"DAV,"," ") | CN9: =IF(Z9=0,"EP,"," ") | CO9: =IF(AA9=0,"MAD,"," ") | CP9: =IF(AB9=0,"CCP,"," ") | CQ9: =IF(AC9=0,"UIUX,"," ") | CR9: =IF(AD9=0,"DEV,"," ") | CT9: =O9 -> 0 | CU9: =A9 -> 2 | CV9: =B9 -> 24IT0002 | CW9: =C9 -> ABHIJEETH V N | CX9: =CONCATENATE(CK9,CL9,CM9,CN9,CO9,CP9,CQ9,CR9,CS9) | CY9: =CT9 -> 0 | DA9: =IF(E9="H",O9,"#") -> # | DB9: =IF(E9="D",O9,"#") -> 0
A10: 3 | B10: 24IT0003 | C10: ADITHYA A M | D10: M | E10: H | G10: O | H10: B+ | I10: A | J10: O | K10: O | L10: A | M10: O | N10: B+ | O10: =COUNTIF(G10:N10,"U")+COUNTIF(G10:N10,"UA")+COUNTIF(G10:N10,"WH") -> 0 | Q10: =AH10 -> 23 | R10: 8.52 | V10: T | W10: =IF(G10="O",10,IF(G10="A+",9,IF(G10="A",8,IF(G10="B+",7,IF(G10="B",6,IF(G10="C",5,IF(G10="RA",0,IF(G10="U",0,IF(G10="UA",0,0))))))))) -> 10 | X10: =IF(H10="O",10,IF(H10="A+",9,IF(H10="A",8,IF(H10="B+",7,IF(H10="B",6,IF(H10="C",5,IF(H10="RA",0,IF(H10="U",0,IF(H10="UA",0,0))))))))) -> 7 | Y10: =IF(I10="O",10,IF(I10="A+",9,IF(I10="A",8,IF(I10="B+",7,IF(I10="B",6,IF(I10="C",5,IF(I10="RA",0,IF(I10="U",0,IF(I10="UA",0,0))))))))) -> 8 | Z10: =IF(J10="O",10,IF(J10="A+",9,IF(J10="A",8,IF(J10="B+",7,IF(J10="B",6,IF(J10="C",5,IF(J10="RA",0,IF(J10="U",0,IF(J10="UA",0,0))))))))) -> 10 | AA10: =IF(K10="O",10,IF(K10="A+",9,IF(K10="A",8,IF(K10="B+",7,IF(K10="B",6,IF(K10="C",5,IF(K10="RA",0,IF(K10="U",0,IF(K10="UA",0,0))))))))) -> 10 | AB10: =IF(L10="O",10,IF(L10="A+",9,IF(L10="A",8,IF(L10="B+",7,IF(L10="B",6,IF(L10="C",5,IF(L10="RA",0,IF(L10="U",0,IF(L10="UA",0,0))))))))) -> 8 | AC10: =IF(M10="O",10,IF(M10="A+",9,IF(M10="A",8,IF(M10="B+",7,IF(M10="B",6,IF(M10="C",5,IF(M10="RA",0,IF(M10="U",0,IF(M10="UA",0,0))))))))) -> 10 | AD10: =IF(N10="O",10,IF(N10="A+",9,IF(N10="A",8,IF(N10="B+",7,IF(N10="B",6,IF(N10="C",5,IF(N10="RA",0,IF(N10="U",0,IF(N10="UA",0,0))))))))) -> 7 | AG10: =(W10*W$7)+(X10*X$7)+(Y10*Y$7)+(Z10*Z$7)+(AA10*AA$7)+(AB10*AB$7)+(AC10*AC$7)+(AD10*AD$7) -> 199 | AH10: =IF(W10=0,0,W$7)+IF(X10=0,0,X$7)+IF(Y10=0,0,Y$7)+IF(Z10=0,0,Z$7)+IF(AA10=0,0,AA$7)+IF(AB10=0,0,AB$7)+IF(AC10=0,0,AC$7)+IF(AD10=0,0,AD$7) -> 23 | AI10: =IF(AH10=0,0,AG10/AH10) -> 8.6521739 | AJ10: =IF(AH10=23,"P","F") -> P | AK10: =IF(F10>179,1,0) -> 0 | AL10: =IF(F10>159,1,0)-AK10 -> 0 | AM10: =IF(F10>139,1,0)-(AK10+AL10) -> 0 | AN10: =IF(F10>119,1,0)-(AK10+AL10+AM10) -> 0 | AO10: =IF(F10>109,1,0)-(AK10+AL10+AM10+AN10) -> 0 | AP10: =IF(F10>=100,1,0)-(AK10+AL10+AM10+AN10+AO10) -> 0 | AQ10: =IF(F10<100,1,0) -> 1 | AS10: =IF(AK10=0,0,AJ10) -> 0 | AT10: =IF(AL10=0,0,AJ10) -> 0 | AU10: =IF(AM10=0,0,AJ10) -> 0 | AV10: =IF(AN10=0,0,AJ10) -> 0 | AW10: =IF(AO10=0,0,AJ10) -> 0 | AX10: =IF(AP10=0,0,AJ10) -> 0 | AY10: =IF(AQ10=0,0,AJ10) -> P | AZ10: =CONCATENATE(E10,D10) -> HM | BA10: =CONCATENATE(AZ10,V10) -> HMT | BB10: =IF(AZ10="HM",AJ10,"#") -> P | BC10: =IF(AZ10="HF",AJ10,"#") -> # | BD10: =IF(AZ10="DM",AJ10,"#") -> # | BE10: =IF(AZ10="DF",AJ10,"#") -> # | BG10: =IF(AZ10="HM",O10,"#") -> 0 | BH10: =IF(AZ10="HF",O10,"#") -> # | BI10: =IF(AZ10="DM",O10,"#") -> # | BJ10: =IF(AZ10="DF",O10,"#") -> # | BK10: =IF(D10="M",O10,"#") -> 0 | BL10: =IF(D10="F",O10,"#") -> # | BP10: =IF(BA10="HMT",AJ10,"#") -> P | BQ10: =IF(BA10="HFT",AJ10,"#") -> # | BR10: =IF(BA10="DMT",AJ10,"#") -> # | BS10: =IF(BA10="DFT",AJ10,"#") -> # | BT10: =IF(BA10="HMNT",AJ10,"#") -> # | BU10: =IF(BA10="HFNT",AJ10,"#") -> # | BV10: =IF(BA10="DMNT",AJ10,"#") -> # | BW10: =IF(BA10="DFNT",AJ10,"#") -> # | BY10: =IF(BA10="HMT",O10,"#") -> 0 | BZ10: =IF(BA10="HFT",O10,"#") -> # | CA10: =IF(BA10="DMT",O10,"#") -> # | CB10: =IF(BA10="DFT",O10,"#") -> # | CC10: =IF(BA10="HMNT",O10,"#") -> # | CD10: =IF(BA10="HFNT",O10,"#") -> # | CE10: =IF(BA10="DMNT",O10,"#") -> # | CF10: =IF(BA10="DFNT",O10,"#") -> # | CG10: =IF(D10="M",O10,"#") -> 0 | CH10: =IF(D10="F",O10,"#") -> # | CK10: =IF(W10=0,"EEP,"," ") | CL10: =IF(X10=0,"POC,"," ") | CM10: =IF(Y10=0,"DAV,"," ") | CN10: =IF(Z10=0,"EP,"," ") | CO10: =IF(AA10=0,"MAD,"," ") | CP10: =IF(AB10=0,"CCP,"," ") | CQ10: =IF(AC10=0,"UIUX,"," ") | CR10: =IF(AD10=0,"DEV,"," ") | CT10: =O10 -> 0 | CU10: =A10 -> 3 | CV10: =B10 -> 24IT0003 | CW10: =C10 -> ADITHYA A M | CX10: =CONCATENATE(CK10,CL10,CM10,CN10,CO10,CP10,CQ10,CR10,CS10) | CY10: =CT10 -> 0 | DA10: =IF(E10="H",O10,"#") -> 0 | DB10: =IF(E10="D",O10,"#") -> #
A11: 4 | B11: 24IT0004 | C11: ADITHYA AJAY | D11: M | E11: H | G11: O | H11: B | I11: B+ | J11: A+ | K11: A | L11: A | M11: O | N11: B+ | O11: =COUNTIF(G11:N11,"U")+COUNTIF(G11:N11,"UA")+COUNTIF(G11:N11,"WH") -> 0 | Q11: =AH11 -> 23 | R11: 7.76 | V11: T | W11: =IF(G11="O",10,IF(G11="A+",9,IF(G11="A",8,IF(G11="B+",7,IF(G11="B",6,IF(G11="C",5,IF(G11="RA",0,IF(G11="U",0,IF(G11="UA",0,0))))))))) -> 10 | X11: =IF(H11="O",10,IF(H11="A+",9,IF(H11="A",8,IF(H11="B+",7,IF(H11="B",6,IF(H11="C",5,IF(H11="RA",0,IF(H11="U",0,IF(H11="UA",0,0))))))))) -> 6 | Y11: =IF(I11="O",10,IF(I11="A+",9,IF(I11="A",8,IF(I11="B+",7,IF(I11="B",6,IF(I11="C",5,IF(I11="RA",0,IF(I11="U",0,IF(I11="UA",0,0))))))))) -> 7 | Z11: =IF(J11="O",10,IF(J11="A+",9,IF(J11="A",8,IF(J11="B+",7,IF(J11="B",6,IF(J11="C",5,IF(J11="RA",0,IF(J11="U",0,IF(J11="UA",0,0))))))))) -> 9 | AA11: =IF(K11="O",10,IF(K11="A+",9,IF(K11="A",8,IF(K11="B+",7,IF(K11="B",6,IF(K11="C",5,IF(K11="RA",0,IF(K11="U",0,IF(K11="UA",0,0))))))))) -> 8 | AB11: =IF(L11="O",10,IF(L11="A+",9,IF(L11="A",8,IF(L11="B+",7,IF(L11="B",6,IF(L11="C",5,IF(L11="RA",0,IF(L11="U",0,IF(L11="UA",0,0))))))))) -> 8 | AC11: =IF(M11="O",10,IF(M11="A+",9,IF(M11="A",8,IF(M11="B+",7,IF(M11="B",6,IF(M11="C",5,IF(M11="RA",0,IF(M11="U",0,IF(M11="UA",0,0))))))))) -> 10 | AD11: =IF(N11="O",10,IF(N11="A+",9,IF(N11="A",8,IF(N11="B+",7,IF(N11="B",6,IF(N11="C",5,IF(N11="RA",0,IF(N11="U",0,IF(N11="UA",0,0))))))))) -> 7 | AG11: =(W11*W$7)+(X11*X$7)+(Y11*Y$7)+(Z11*Z$7)+(AA11*AA$7)+(AB11*AB$7)+(AC11*AC$7)+(AD11*AD$7) -> 181 | AH11: =IF(W11=0,0,W$7)+IF(X11=0,0,X$7)+IF(Y11=0,0,Y$7)+IF(Z11=0,0,Z$7)+IF(AA11=0,0,AA$7)+IF(AB11=0,0,AB$7)+IF(AC11=0,0,AC$7)+IF(AD11=0,0,AD$7) -> 23 | AI11: =IF(AH11=0,0,AG11/AH11) -> 7.8695652 | AJ11: =IF(AH11=23,"P","F") -> P | AK11: =IF(F11>179,1,0) -> 0 | AL11: =IF(F11>159,1,0)-AK11 -> 0 | AM11: =IF(F11>139,1,0)-(AK11+AL11) -> 0 | AN11: =IF(F11>119,1,0)-(AK11+AL11+AM11) -> 0 | AO11: =IF(F11>109,1,0)-(AK11+AL11+AM11+AN11) -> 0 | AP11: =IF(F11>=100,1,0)-(AK11+AL11+AM11+AN11+AO11) -> 0 | AQ11: =IF(F11<100,1,0) -> 1 | AS11: =IF(AK11=0,0,AJ11) -> 0 | AT11: =IF(AL11=0,0,AJ11) -> 0 | AU11: =IF(AM11=0,0,AJ11) -> 0 | AV11: =IF(AN11=0,0,AJ11) -> 0 | AW11: =IF(AO11=0,0,AJ11) -> 0 | AX11: =IF(AP11=0,0,AJ11) -> 0 | AY11: =IF(AQ11=0,0,AJ11) -> P | AZ11: =CONCATENATE(E11,D11) -> HM | BA11: =CONCATENATE(AZ11,V11) -> HMT | BB11: =IF(AZ11="HM",AJ11,"#") -> P | BC11: =IF(AZ11="HF",AJ11,"#") -> # | BD11: =IF(AZ11="DM",AJ11,"#") -> # | BE11: =IF(AZ11="DF",AJ11,"#") -> # | BG11: =IF(AZ11="HM",O11,"#") -> 0 | BH11: =IF(AZ11="HF",O11,"#") -> # | BI11: =IF(AZ11="DM",O11,"#") -> # | BJ11: =IF(AZ11="DF",O11,"#") -> # | BK11: =IF(D11="M",O11,"#") -> 0 | BL11: =IF(D11="F",O11,"#") -> # | BP11: =IF(BA11="HMT",AJ11,"#") -> P | BQ11: =IF(BA11="HFT",AJ11,"#") -> # | BR11: =IF(BA11="DMT",AJ11,"#") -> # | BS11: =IF(BA11="DFT",AJ11,"#") -> # | BT11: =IF(BA11="HMNT",AJ11,"#") -> # | BU11: =IF(BA11="HFNT",AJ11,"#") -> # | BV11: =IF(BA11="DMNT",AJ11,"#") -> # | BW11: =IF(BA11="DFNT",AJ11,"#") -> # | BY11: =IF(BA11="HMT",O11,"#") -> 0 | BZ11: =IF(BA11="HFT",O11,"#") -> # | CA11: =IF(BA11="DMT",O11,"#") -> # | CB11: =IF(BA11="DFT",O11,"#") -> # | CC11: =IF(BA11="HMNT",O11,"#") -> # | CD11: =IF(BA11="HFNT",O11,"#") -> # | CE11: =IF(BA11="DMNT",O11,"#") -> # | CF11: =IF(BA11="DFNT",O11,"#") -> # | CG11: =IF(D11="M",O11,"#") -> 0 | CH11: =IF(D11="F",O11,"#") -> # | CK11: =IF(W11=0,"EEP,"," ") | CL11: =IF(X11=0,"POC,"," ") | CM11: =IF(Y11=0,"DAV,"," ") | CN11: =IF(Z11=0,"EP,"," ") | CO11: =IF(AA11=0,"MAD,"," ") | CP11: =IF(AB11=0,"CCP,"," ") | CQ11: =IF(AC11=0,"UIUX,"," ") | CR11: =IF(AD11=0,"DEV,"," ") | CT11: =O11 -> 0 | CU11: =A11 -> 4 | CV11: =B11 -> 24IT0004 | CW11: =C11 -> ADITHYA AJAY | CX11: =CONCATENATE(CK11,CL11,CM11,CN11,CO11,CP11,CQ11,CR11,CS11) | CY11: =CT11 -> 0 | DA11: =IF(E11="H",O11,"#") -> 0 | DB11: =IF(E11="D",O11,"#") -> #
A12: 5 | B12: 24IT0005 | C12: AISHVARRYA A | D12: F | E12: D | G12: O | H12: B | I12: B+ | J12: A+ | K12: A | L12: B+ | M12: O | N12: C | O12: =COUNTIF(G12:N12,"U")+COUNTIF(G12:N12,"UA")+COUNTIF(G12:N12,"WH") -> 0 | Q12: =AH12 -> 23 | R12: 7.28 | V12: T | W12: =IF(G12="O",10,IF(G12="A+",9,IF(G12="A",8,IF(G12="B+",7,IF(G12="B",6,IF(G12="C",5,IF(G12="RA",0,IF(G12="U",0,IF(G12="UA",0,0))))))))) -> 10 | X12: =IF(H12="O",10,IF(H12="A+",9,IF(H12="A",8,IF(H12="B+",7,IF(H12="B",6,IF(H12="C",5,IF(H12="RA",0,IF(H12="U",0,IF(H12="UA",0,0))))))))) -> 6 | Y12: =IF(I12="O",10,IF(I12="A+",9,IF(I12="A",8,IF(I12="B+",7,IF(I12="B",6,IF(I12="C",5,IF(I12="RA",0,IF(I12="U",0,IF(I12="UA",0,0))))))))) -> 7 | Z12: =IF(J12="O",10,IF(J12="A+",9,IF(J12="A",8,IF(J12="B+",7,IF(J12="B",6,IF(J12="C",5,IF(J12="RA",0,IF(J12="U",0,IF(J12="UA",0,0))))))))) -> 9 | AA12: =IF(K12="O",10,IF(K12="A+",9,IF(K12="A",8,IF(K12="B+",7,IF(K12="B",6,IF(K12="C",5,IF(K12="RA",0,IF(K12="U",0,IF(K12="UA",0,0))))))))) -> 8 | AB12: =IF(L12="O",10,IF(L12="A+",9,IF(L12="A",8,IF(L12="B+",7,IF(L12="B",6,IF(L12="C",5,IF(L12="RA",0,IF(L12="U",0,IF(L12="UA",0,0))))))))) -> 7 | AC12: =IF(M12="O",10,IF(M12="A+",9,IF(M12="A",8,IF(M12="B+",7,IF(M12="B",6,IF(M12="C",5,IF(M12="RA",0,IF(M12="U",0,IF(M12="UA",0,0))))))))) -> 10 | AD12: =IF(N12="O",10,IF(N12="A+",9,IF(N12="A",8,IF(N12="B+",7,IF(N12="B",6,IF(N12="C",5,IF(N12="RA",0,IF(N12="U",0,IF(N12="UA",0,0))))))))) -> 5 | AG12: =(W12*W$7)+(X12*X$7)+(Y12*Y$7)+(Z12*Z$7)+(AA12*AA$7)+(AB12*AB$7)+(AC12*AC$7)+(AD12*AD$7) -> 174 | AH12: =IF(W12=0,0,W$7)+IF(X12=0,0,X$7)+IF(Y12=0,0,Y$7)+IF(Z12=0,0,Z$7)+IF(AA12=0,0,AA$7)+IF(AB12=0,0,AB$7)+IF(AC12=0,0,AC$7)+IF(AD12=0,0,AD$7) -> 23 | AI12: =IF(AH12=0,0,AG12/AH12) -> 7.5652174 | AJ12: =IF(AH12=23,"P","F") -> P | AK12: =IF(F12>179,1,0) -> 0 | AL12: =IF(F12>159,1,0)-AK12 -> 0 | AM12: =IF(F12>139,1,0)-(AK12+AL12) -> 0 | AN12: =IF(F12>119,1,0)-(AK12+AL12+AM12) -> 0 | AO12: =IF(F12>109,1,0)-(AK12+AL12+AM12+AN12) -> 0 | AP12: =IF(F12>=100,1,0)-(AK12+AL12+AM12+AN12+AO12) -> 0 | AQ12: =IF(F12<100,1,0) -> 1 | AS12: =IF(AK12=0,0,AJ12) -> 0 | AT12: =IF(AL12=0,0,AJ12) -> 0 | AU12: =IF(AM12=0,0,AJ12) -> 0 | AV12: =IF(AN12=0,0,AJ12) -> 0 | AW12: =IF(AO12=0,0,AJ12) -> 0 | AX12: =IF(AP12=0,0,AJ12) -> 0 | AY12: =IF(AQ12=0,0,AJ12) -> P | AZ12: =CONCATENATE(E12,D12) -> DF | BA12: =CONCATENATE(AZ12,V12) -> DFT | BB12: =IF(AZ12="HM",AJ12,"#") -> # | BC12: =IF(AZ12="HF",AJ12,"#") -> # | BD12: =IF(AZ12="DM",AJ12,"#") -> # | BE12: =IF(AZ12="DF",AJ12,"#") -> P | BG12: =IF(AZ12="HM",O12,"#") -> # | BH12: =IF(AZ12="HF",O12,"#") -> # | BI12: =IF(AZ12="DM",O12,"#") -> # | BJ12: =IF(AZ12="DF",O12,"#") -> 0 | BK12: =IF(D12="M",O12,"#") -> # | BL12: =IF(D12="F",O12,"#") -> 0 | BP12: =IF(BA12="HMT",AJ12,"#") -> # | BQ12: =IF(BA12="HFT",AJ12,"#") -> # | BR12: =IF(BA12="DMT",AJ12,"#") -> # | BS12: =IF(BA12="DFT",AJ12,"#") -> P | BT12: =IF(BA12="HMNT",AJ12,"#") -> # | BU12: =IF(BA12="HFNT",AJ12,"#") -> # | BV12: =IF(BA12="DMNT",AJ12,"#") -> # | BW12: =IF(BA12="DFNT",AJ12,"#") -> # | BY12: =IF(BA12="HMT",O12,"#") -> # | BZ12: =IF(BA12="HFT",O12,"#") -> # | CA12: =IF(BA12="DMT",O12,"#") -> # | CB12: =IF(BA12="DFT",O12,"#") -> 0 | CC12: =IF(BA12="HMNT",O12,"#") -> # | CD12: =IF(BA12="HFNT",O12,"#") -> # | CE12: =IF(BA12="DMNT",O12,"#") -> # | CF12: =IF(BA12="DFNT",O12,"#") -> # | CG12: =IF(D12="M",O12,"#") -> # | CH12: =IF(D12="F",O12,"#") -> 0 | CK12: =IF(W12=0,"EEP,"," ") | CL12: =IF(X12=0,"POC,"," ") | CM12: =IF(Y12=0,"DAV,"," ") | CN12: =IF(Z12=0,"EP,"," ") | CO12: =IF(AA12=0,"MAD,"," ") | CP12: =IF(AB12=0,"CCP,"," ") | CQ12: =IF(AC12=0,"UIUX,"," ") | CR12: =IF(AD12=0,"DEV,"," ") | CT12: =O12 -> 0 | CU12: =A12 -> 5 | CV12: =B12 -> 24IT0005 | CW12: =C12 -> AISHVARRYA A | CX12: =CONCATENATE(CK12,CL12,CM12,CN12,CO12,CP12,CQ12,CR12,CS12) | CY12: =CT12 -> 0 | DA12: =IF(E12="H",O12,"#") -> # | DB12: =IF(E12="D",O12,"#") -> 0
A13: 6 | B13: 24IT0006 | C13: AISHWARYA S | D13: F | E13: D | G13: O | H13: A | I13: O | J13: A+ | K13: O | L13: A | M13: O | N13: B+ | O13: =COUNTIF(G13:N13,"U")+COUNTIF(G13:N13,"UA")+COUNTIF(G13:N13,"WH") -> 0 | Q13: =AH13 -> 23 | R13: 8.8 | V13: T | W13: =IF(G13="O",10,IF(G13="A+",9,IF(G13="A",8,IF(G13="B+",7,IF(G13="B",6,IF(G13="C",5,IF(G13="RA",0,IF(G13="U",0,IF(G13="UA",0,0))))))))) -> 10 | X13: =IF(H13="O",10,IF(H13="A+",9,IF(H13="A",8,IF(H13="B+",7,IF(H13="B",6,IF(H13="C",5,IF(H13="RA",0,IF(H13="U",0,IF(H13="UA",0,0))))))))) -> 8 | Y13: =IF(I13="O",10,IF(I13="A+",9,IF(I13="A",8,IF(I13="B+",7,IF(I13="B",6,IF(I13="C",5,IF(I13="RA",0,IF(I13="U",0,IF(I13="UA",0,0))))))))) -> 10 | Z13: =IF(J13="O",10,IF(J13="A+",9,IF(J13="A",8,IF(J13="B+",7,IF(J13="B",6,IF(J13="C",5,IF(J13="RA",0,IF(J13="U",0,IF(J13="UA",0,0))))))))) -> 9 | AA13: =IF(K13="O",10,IF(K13="A+",9,IF(K13="A",8,IF(K13="B+",7,IF(K13="B",6,IF(K13="C",5,IF(K13="RA",0,IF(K13="U",0,IF(K13="UA",0,0))))))))) -> 10 | AB13: =IF(L13="O",10,IF(L13="A+",9,IF(L13="A",8,IF(L13="B+",7,IF(L13="B",6,IF(L13="C",5,IF(L13="RA",0,IF(L13="U",0,IF(L13="UA",0,0))))))))) -> 8 | AC13: =IF(M13="O",10,IF(M13="A+",9,IF(M13="A",8,IF(M13="B+",7,IF(M13="B",6,IF(M13="C",5,IF(M13="RA",0,IF(M13="U",0,IF(M13="UA",0,0))))))))) -> 10 | AD13: =IF(N13="O",10,IF(N13="A+",9,IF(N13="A",8,IF(N13="B+",7,IF(N13="B",6,IF(N13="C",5,IF(N13="RA",0,IF(N13="U",0,IF(N13="UA",0,0))))))))) -> 7 | AG13: =(W13*W$7)+(X13*X$7)+(Y13*Y$7)+(Z13*Z$7)+(AA13*AA$7)+(AB13*AB$7)+(AC13*AC$7)+(AD13*AD$7) -> 207 | AH13: =IF(W13=0,0,W$7)+IF(X13=0,0,X$7)+IF(Y13=0,0,Y$7)+IF(Z13=0,0,Z$7)+IF(AA13=0,0,AA$7)+IF(AB13=0,0,AB$7)+IF(AC13=0,0,AC$7)+IF(AD13=0,0,AD$7) -> 23 | AI13: =IF(AH13=0,0,AG13/AH13) -> 9 | AJ13: =IF(AH13=23,"P","F") -> P | AK13: =IF(F13>179,1,0) -> 0 | AL13: =IF(F13>159,1,0)-AK13 -> 0 | AM13: =IF(F13>139,1,0)-(AK13+AL13) -> 0 | AN13: =IF(F13>119,1,0)-(AK13+AL13+AM13) -> 0 | AO13: =IF(F13>109,1,0)-(AK13+AL13+AM13+AN13) -> 0 | AP13: =IF(F13>=100,1,0)-(AK13+AL13+AM13+AN13+AO13) -> 0 | AQ13: =IF(F13<100,1,0) -> 1 | AS13: =IF(AK13=0,0,AJ13) -> 0 | AT13: =IF(AL13=0,0,AJ13) -> 0 | AU13: =IF(AM13=0,0,AJ13) -> 0 | AV13: =IF(AN13=0,0,AJ13) -> 0 | AW13: =IF(AO13=0,0,AJ13) -> 0 | AX13: =IF(AP13=0,0,AJ13) -> 0 | AY13: =IF(AQ13=0,0,AJ13) -> P | AZ13: =CONCATENATE(E13,D13) -> DF | BA13: =CONCATENATE(AZ13,V13) -> DFT | BB13: =IF(AZ13="HM",AJ13,"#") -> # | BC13: =IF(AZ13="HF",AJ13,"#") -> # | BD13: =IF(AZ13="DM",AJ13,"#") -> # | BE13: =IF(AZ13="DF",AJ13,"#") -> P | BG13: =IF(AZ13="HM",O13,"#") -> # | BH13: =IF(AZ13="HF",O13,"#") -> # | BI13: =IF(AZ13="DM",O13,"#") -> # | BJ13: =IF(AZ13="DF",O13,"#") -> 0 | BK13: =IF(D13="M",O13,"#") -> # | BL13: =IF(D13="F",O13,"#") -> 0 | BP13: =IF(BA13="HMT",AJ13,"#") -> # | BQ13: =IF(BA13="HFT",AJ13,"#") -> # | BR13: =IF(BA13="DMT",AJ13,"#") -> # | BS13: =IF(BA13="DFT",AJ13,"#") -> P | BT13: =IF(BA13="HMNT",AJ13,"#") -> # | BU13: =IF(BA13="HFNT",AJ13,"#") -> # | BV13: =IF(BA13="DMNT",AJ13,"#") -> # | BW13: =IF(BA13="DFNT",AJ13,"#") -> # | BY13: =IF(BA13="HMT",O13,"#") -> # | BZ13: =IF(BA13="HFT",O13,"#") -> # | CA13: =IF(BA13="DMT",O13,"#") -> # | CB13: =IF(BA13="DFT",O13,"#") -> 0 | CC13: =IF(BA13="HMNT",O13,"#") -> # | CD13: =IF(BA13="HFNT",O13,"#") -> # | CE13: =IF(BA13="DMNT",O13,"#") -> # | CF13: =IF(BA13="DFNT",O13,"#") -> # | CG13: =IF(D13="M",O13,"#") -> # | CH13: =IF(D13="F",O13,"#") -> 0 | CK13: =IF(W13=0,"EEP,"," ") | CL13: =IF(X13=0,"POC,"," ") | CM13: =IF(Y13=0,"DAV,"," ") | CN13: =IF(Z13=0,"EP,"," ") | CO13: =IF(AA13=0,"MAD,"," ") | CP13: =IF(AB13=0,"CCP,"," ") | CQ13: =IF(AC13=0,"UIUX,"," ") | CR13: =IF(AD13=0,"DEV,"," ") | CT13: =O13 -> 0 | CU13: =A13 -> 6 | CV13: =B13 -> 24IT0006 | CW13: =C13 -> AISHWARYA S | CX13: =CONCATENATE(CK13,CL13,CM13,CN13,CO13,CP13,CQ13,CR13,CS13) | CY13: =CT13 -> 0 | DA13: =IF(E13="H",O13,"#") -> # | DB13: =IF(E13="D",O13,"#") -> 0
A14: 7 | B14: 24IT0007 | C14: AJAY J | D14: M | E14: H | G14: O | H14: B | I14: B+ | J14: RA | K14: A | L14: B+ | M14: O | N14: RA | O14: =COUNTIF(G14:N14,"U")+COUNTIF(G14:N14,"UA")+COUNTIF(G14:N14,"WH") -> 0 | Q14: =AH14 -> 16 | R14: 7.41 | V14: T | W14: =IF(G14="O",10,IF(G14="A+",9,IF(G14="A",8,IF(G14="B+",7,IF(G14="B",6,IF(G14="C",5,IF(G14="RA",0,IF(G14="U",0,IF(G14="UA",0,0))))))))) -> 10 | X14: =IF(H14="O",10,IF(H14="A+",9,IF(H14="A",8,IF(H14="B+",7,IF(H14="B",6,IF(H14="C",5,IF(H14="RA",0,IF(H14="U",0,IF(H14="UA",0,0))))))))) -> 6 | Y14: =IF(I14="O",10,IF(I14="A+",9,IF(I14="A",8,IF(I14="B+",7,IF(I14="B",6,IF(I14="C",5,IF(I14="RA",0,IF(I14="U",0,IF(I14="UA",0,0))))))))) -> 7 | Z14: =IF(J14="O",10,IF(J14="A+",9,IF(J14="A",8,IF(J14="B+",7,IF(J14="B",6,IF(J14="C",5,IF(J14="RA",0,IF(J14="U",0,IF(J14="UA",0,0))))))))) -> 0 | AA14: =IF(K14="O",10,IF(K14="A+",9,IF(K14="A",8,IF(K14="B+",7,IF(K14="B",6,IF(K14="C",5,IF(K14="RA",0,IF(K14="U",0,IF(K14="UA",0,0))))))))) -> 8 | AB14: =IF(L14="O",10,IF(L14="A+",9,IF(L14="A",8,IF(L14="B+",7,IF(L14="B",6,IF(L14="C",5,IF(L14="RA",0,IF(L14="U",0,IF(L14="UA",0,0))))))))) -> 7 | AC14: =IF(M14="O",10,IF(M14="A+",9,IF(M14="A",8,IF(M14="B+",7,IF(M14="B",6,IF(M14="C",5,IF(M14="RA",0,IF(M14="U",0,IF(M14="UA",0,0))))))))) -> 10 | AD14: =IF(N14="O",10,IF(N14="A+",9,IF(N14="A",8,IF(N14="B+",7,IF(N14="B",6,IF(N14="C",5,IF(N14="RA",0,IF(N14="U",0,IF(N14="UA",0,0))))))))) -> 0 | AG14: =(W14*W$7)+(X14*X$7)+(Y14*Y$7)+(Z14*Z$7)+(AA14*AA$7)+(AB14*AB$7)+(AC14*AC$7)+(AD14*AD$7) -> 123 | AH14: =IF(W14=0,0,W$7)+IF(X14=0,0,X$7)+IF(Y14=0,0,Y$7)+IF(Z14=0,0,Z$7)+IF(AA14=0,0,AA$7)+IF(AB14=0,0,AB$7)+IF(AC14=0,0,AC$7)+IF(AD14=0,0,AD$7) -> 16 | AI14: =IF(AH14=0,0,AG14/AH14) -> 7.6875 | AJ14: =IF(AH14=23,"P","F") -> F | AK14: =IF(F14>179,1,0) -> 0 | AL14: =IF(F14>159,1,0)-AK14 -> 0 | AM14: =IF(F14>139,1,0)-(AK14+AL14) -> 0 | AN14: =IF(F14>119,1,0)-(AK14+AL14+AM14) -> 0 | AO14: =IF(F14>109,1,0)-(AK14+AL14+AM14+AN14) -> 0 | AP14: =IF(F14>=100,1,0)-(AK14+AL14+AM14+AN14+AO14) -> 0 | AQ14: =IF(F14<100,1,0) -> 1 | AS14: =IF(AK14=0,0,AJ14) -> 0 | AT14: =IF(AL14=0,0,AJ14) -> 0 | AU14: =IF(AM14=0,0,AJ14) -> 0 | AV14: =IF(AN14=0,0,AJ14) -> 0 | AW14: =IF(AO14=0,0,AJ14) -> 0 | AX14: =IF(AP14=0,0,AJ14) -> 0 | AY14: =IF(AQ14=0,0,AJ14) -> F | AZ14: =CONCATENATE(E14,D14) -> HM | BA14: =CONCATENATE(AZ14,V14) -> HMT | BB14: =IF(AZ14="HM",AJ14,"#") -> F | BC14: =IF(AZ14="HF",AJ14,"#") -> # | BD14: =IF(AZ14="DM",AJ14,"#") -> # | BE14: =IF(AZ14="DF",AJ14,"#") -> # | BG14: =IF(AZ14="HM",O14,"#") -> 0 | BH14: =IF(AZ14="HF",O14,"#") -> # | BI14: =IF(AZ14="DM",O14,"#") -> # | BJ14: =IF(AZ14="DF",O14,"#") -> # | BK14: =IF(D14="M",O14,"#") -> 0 | BL14: =IF(D14="F",O14,"#") -> # | BP14: =IF(BA14="HMT",AJ14,"#") -> F | BQ14: =IF(BA14="HFT",AJ14,"#") -> # | BR14: =IF(BA14="DMT",AJ14,"#") -> # | BS14: =IF(BA14="DFT",AJ14,"#") -> # | BT14: =IF(BA14="HMNT",AJ14,"#") -> # | BU14: =IF(BA14="HFNT",AJ14,"#") -> # | BV14: =IF(BA14="DMNT",AJ14,"#") -> # | BW14: =IF(BA14="DFNT",AJ14,"#") -> # | BY14: =IF(BA14="HMT",O14,"#") -> 0 | BZ14: =IF(BA14="HFT",O14,"#") -> # | CA14: =IF(BA14="DMT",O14,"#") -> # | CB14: =IF(BA14="DFT",O14,"#") -> # | CC14: =IF(BA14="HMNT",O14,"#") -> # | CD14: =IF(BA14="HFNT",O14,"#") -> # | CE14: =IF(BA14="DMNT",O14,"#") -> # | CF14: =IF(BA14="DFNT",O14,"#") -> # | CG14: =IF(D14="M",O14,"#") -> 0 | CH14: =IF(D14="F",O14,"#") -> # | CK14: =IF(W14=0,"EEP,"," ") | CL14: =IF(X14=0,"POC,"," ") | CM14: =IF(Y14=0,"DAV,"," ") | CN14: =IF(Z14=0,"EP,"," ") -> EP, | CO14: =IF(AA14=0,"MAD,"," ") | CP14: =IF(AB14=0,"CCP,"," ") | CQ14: =IF(AC14=0,"UIUX,"," ") | CR14: =IF(AD14=0,"DEV,"," ") -> DEV, | CT14: =O14 -> 0 | CU14: =A14 -> 7 | CV14: =B14 -> 24IT0007 | CW14: =C14 -> AJAY J | CX14: =CONCATENATE(CK14,CL14,CM14,CN14,CO14,CP14,CQ14,CR14,CS14) -> EP, DEV, | CY14: =CT14 -> 0 | DA14: =IF(E14="H",O14,"#") -> 0 | DB14: =IF(E14="D",O14,"#") -> #
A15: 8 | B15: 24IT0008 | C15: AKSHAYA I | D15: F | E15: H | G15: O | H15: A | I15: A+ | J15: A+ | K15: O | L15: A | M15: O | N15: B+ | O15: =COUNTIF(G15:N15,"U")+COUNTIF(G15:N15,"UA")+COUNTIF(G15:N15,"WH") -> 0 | Q15: =AH15 -> 23 | R15: 8.64 | V15: T | W15: =IF(G15="O",10,IF(G15="A+",9,IF(G15="A",8,IF(G15="B+",7,IF(G15="B",6,IF(G15="C",5,IF(G15="RA",0,IF(G15="U",0,IF(G15="UA",0,0))))))))) -> 10 | X15: =IF(H15="O",10,IF(H15="A+",9,IF(H15="A",8,IF(H15="B+",7,IF(H15="B",6,IF(H15="C",5,IF(H15="RA",0,IF(H15="U",0,IF(H15="UA",0,0))))))))) -> 8 | Y15: =IF(I15="O",10,IF(I15="A+",9,IF(I15="A",8,IF(I15="B+",7,IF(I15="B",6,IF(I15="C",5,IF(I15="RA",0,IF(I15="U",0,IF(I15="UA",0,0))))))))) -> 9 | Z15: =IF(J15="O",10,IF(J15="A+",9,IF(J15="A",8,IF(J15="B+",7,IF(J15="B",6,IF(J15="C",5,IF(J15="RA",0,IF(J15="U",0,IF(J15="UA",0,0))))))))) -> 9 | AA15: =IF(K15="O",10,IF(K15="A+",9,IF(K15="A",8,IF(K15="B+",7,IF(K15="B",6,IF(K15="C",5,IF(K15="RA",0,IF(K15="U",0,IF(K15="UA",0,0))))))))) -> 10 | AB15: =IF(L15="O",10,IF(L15="A+",9,IF(L15="A",8,IF(L15="B+",7,IF(L15="B",6,IF(L15="C",5,IF(L15="RA",0,IF(L15="U",0,IF(L15="UA",0,0))))))))) -> 8 | AC15: =IF(M15="O",10,IF(M15="A+",9,IF(M15="A",8,IF(M15="B+",7,IF(M15="B",6,IF(M15="C",5,IF(M15="RA",0,IF(M15="U",0,IF(M15="UA",0,0))))))))) -> 10 | AD15: =IF(N15="O",10,IF(N15="A+",9,IF(N15="A",8,IF(N15="B+",7,IF(N15="B",6,IF(N15="C",5,IF(N15="RA",0,IF(N15="U",0,IF(N15="UA",0,0))))))))) -> 7 | AG15: =(W15*W$7)+(X15*X$7)+(Y15*Y$7)+(Z15*Z$7)+(AA15*AA$7)+(AB15*AB$7)+(AC15*AC$7)+(AD15*AD$7) -> 203 | AH15: =IF(W15=0,0,W$7)+IF(X15=0,0,X$7)+IF(Y15=0,0,Y$7)+IF(Z15=0,0,Z$7)+IF(AA15=0,0,AA$7)+IF(AB15=0,0,AB$7)+IF(AC15=0,0,AC$7)+IF(AD15=0,0,AD$7) -> 23 | AI15: =IF(AH15=0,0,AG15/AH15) -> 8.826087 | AJ15: =IF(AH15=23,"P","F") -> P | AK15: =IF(F15>179,1,0) -> 0 | AL15: =IF(F15>159,1,0)-AK15 -> 0 | AM15: =IF(F15>139,1,0)-(AK15+AL15) -> 0 | AN15: =IF(F15>119,1,0)-(AK15+AL15+AM15) -> 0 | AO15: =IF(F15>109,1,0)-(AK15+AL15+AM15+AN15) -> 0 | AP15: =IF(F15>=100,1,0)-(AK15+AL15+AM15+AN15+AO15) -> 0 | AQ15: =IF(F15<100,1,0) -> 1 | AS15: =IF(AK15=0,0,AJ15) -> 0 | AT15: =IF(AL15=0,0,AJ15) -> 0 | AU15: =IF(AM15=0,0,AJ15) -> 0 | AV15: =IF(AN15=0,0,AJ15) -> 0 | AW15: =IF(AO15=0,0,AJ15) -> 0 | AX15: =IF(AP15=0,0,AJ15) -> 0 | AY15: =IF(AQ15=0,0,AJ15) -> P | AZ15: =CONCATENATE(E15,D15) -> HF | BA15: =CONCATENATE(AZ15,V15) -> HFT | BB15: =IF(AZ15="HM",AJ15,"#") -> # | BC15: =IF(AZ15="HF",AJ15,"#") -> P | BD15: =IF(AZ15="DM",AJ15,"#") -> # | BE15: =IF(AZ15="DF",AJ15,"#") -> # | BG15: =IF(AZ15="HM",O15,"#") -> # | BH15: =IF(AZ15="HF",O15,"#") -> 0 | BI15: =IF(AZ15="DM",O15,"#") -> # | BJ15: =IF(AZ15="DF",O15,"#") -> # | BK15: =IF(D15="M",O15,"#") -> # | BL15: =IF(D15="F",O15,"#") -> 0 | BP15: =IF(BA15="HMT",AJ15,"#") -> # | BQ15: =IF(BA15="HFT",AJ15,"#") -> P | BR15: =IF(BA15="DMT",AJ15,"#") -> # | BS15: =IF(BA15="DFT",AJ15,"#") -> # | BT15: =IF(BA15="HMNT",AJ15,"#") -> # | BU15: =IF(BA15="HFNT",AJ15,"#") -> # | BV15: =IF(BA15="DMNT",AJ15,"#") -> # | BW15: =IF(BA15="DFNT",AJ15,"#") -> # | BY15: =IF(BA15="HMT",O15,"#") -> # | BZ15: =IF(BA15="HFT",O15,"#") -> 0 | CA15: =IF(BA15="DMT",O15,"#") -> # | CB15: =IF(BA15="DFT",O15,"#") -> # | CC15: =IF(BA15="HMNT",O15,"#") -> # | CD15: =IF(BA15="HFNT",O15,"#") -> # | CE15: =IF(BA15="DMNT",O15,"#") -> # | CF15: =IF(BA15="DFNT",O15,"#") -> # | CG15: =IF(D15="M",O15,"#") -> # | CH15: =IF(D15="F",O15,"#") -> 0 | CK15: =IF(W15=0,"EEP,"," ") | CL15: =IF(X15=0,"POC,"," ") | CM15: =IF(Y15=0,"DAV,"," ") | CN15: =IF(Z15=0,"EP,"," ") | CO15: =IF(AA15=0,"MAD,"," ") | CP15: =IF(AB15=0,"CCP,"," ") | CQ15: =IF(AC15=0,"UIUX,"," ") | CR15: =IF(AD15=0,"DEV,"," ") | CT15: =O15 -> 0 | CU15: =A15 -> 8 | CV15: =B15 -> 24IT0008 | CW15: =C15 -> AKSHAYA I | CX15: =CONCATENATE(CK15,CL15,CM15,CN15,CO15,CP15,CQ15,CR15,CS15) | CY15: =CT15 -> 0 | DA15: =IF(E15="H",O15,"#") -> 0 | DB15: =IF(E15="D",O15,"#") -> #
A16: 9 | B16: 24IT0009 | C16: AKSHAYA T | D16: F | E16: D | G16: O | H16: A | I16: A+ | J16: A+ | K16: O | L16: A+ | M16: O | N16: B+ | O16: =COUNTIF(G16:N16,"U")+COUNTIF(G16:N16,"UA")+COUNTIF(G16:N16,"WH") -> 0 | Q16: =AH16 -> 23 | R16: 8.8 | V16: T | W16: =IF(G16="O",10,IF(G16="A+",9,IF(G16="A",8,IF(G16="B+",7,IF(G16="B",6,IF(G16="C",5,IF(G16="RA",0,IF(G16="U",0,IF(G16="UA",0,0))))))))) -> 10 | X16: =IF(H16="O",10,IF(H16="A+",9,IF(H16="A",8,IF(H16="B+",7,IF(H16="B",6,IF(H16="C",5,IF(H16="RA",0,IF(H16="U",0,IF(H16="UA",0,0))))))))) -> 8 | Y16: =IF(I16="O",10,IF(I16="A+",9,IF(I16="A",8,IF(I16="B+",7,IF(I16="B",6,IF(I16="C",5,IF(I16="RA",0,IF(I16="U",0,IF(I16="UA",0,0))))))))) -> 9 | Z16: =IF(J16="O",10,IF(J16="A+",9,IF(J16="A",8,IF(J16="B+",7,IF(J16="B",6,IF(J16="C",5,IF(J16="RA",0,IF(J16="U",0,IF(J16="UA",0,0))))))))) -> 9 | AA16: =IF(K16="O",10,IF(K16="A+",9,IF(K16="A",8,IF(K16="B+",7,IF(K16="B",6,IF(K16="C",5,IF(K16="RA",0,IF(K16="U",0,IF(K16="UA",0,0))))))))) -> 10 | AB16: =IF(L16="O",10,IF(L16="A+",9,IF(L16="A",8,IF(L16="B+",7,IF(L16="B",6,IF(L16="C",5,IF(L16="RA",0,IF(L16="U",0,IF(L16="UA",0,0))))))))) -> 9 | AC16: =IF(M16="O",10,IF(M16="A+",9,IF(M16="A",8,IF(M16="B+",7,IF(M16="B",6,IF(M16="C",5,IF(M16="RA",0,IF(M16="U",0,IF(M16="UA",0,0))))))))) -> 10 | AD16: =IF(N16="O",10,IF(N16="A+",9,IF(N16="A",8,IF(N16="B+",7,IF(N16="B",6,IF(N16="C",5,IF(N16="RA",0,IF(N16="U",0,IF(N16="UA",0,0))))))))) -> 7 | AG16: =(W16*W$7)+(X16*X$7)+(Y16*Y$7)+(Z16*Z$7)+(AA16*AA$7)+(AB16*AB$7)+(AC16*AC$7)+(AD16*AD$7) -> 204 | AH16: =IF(W16=0,0,W$7)+IF(X16=0,0,X$7)+IF(Y16=0,0,Y$7)+IF(Z16=0,0,Z$7)+IF(AA16=0,0,AA$7)+IF(AB16=0,0,AB$7)+IF(AC16=0,0,AC$7)+IF(AD16=0,0,AD$7) -> 23 | AI16: =IF(AH16=0,0,AG16/AH16) -> 8.8695652 | AJ16: =IF(AH16=23,"P","F") -> P | AK16: =IF(F16>179,1,0) -> 0 | AL16: =IF(F16>159,1,0)-AK16 -> 0 | AM16: =IF(F16>139,1,0)-(AK16+AL16) -> 0 | AN16: =IF(F16>119,1,0)-(AK16+AL16+AM16) -> 0 | AO16: =IF(F16>109,1,0)-(AK16+AL16+AM16+AN16) -> 0 | AP16: =IF(F16>=100,1,0)-(AK16+AL16+AM16+AN16+AO16) -> 0 | AQ16: =IF(F16<100,1,0) -> 1 | AS16: =IF(AK16=0,0,AJ16) -> 0 | AT16: =IF(AL16=0,0,AJ16) -> 0 | AU16: =IF(AM16=0,0,AJ16) -> 0 | AV16: =IF(AN16=0,0,AJ16) -> 0 | AW16: =IF(AO16=0,0,AJ16) -> 0 | AX16: =IF(AP16=0,0,AJ16) -> 0 | AY16: =IF(AQ16=0,0,AJ16) -> P | AZ16: =CONCATENATE(E16,D16) -> DF | BA16: =CONCATENATE(AZ16,V16) -> DFT | BB16: =IF(AZ16="HM",AJ16,"#") -> # | BC16: =IF(AZ16="HF",AJ16,"#") -> # | BD16: =IF(AZ16="DM",AJ16,"#") -> # | BE16: =IF(AZ16="DF",AJ16,"#") -> P | BG16: =IF(AZ16="HM",O16,"#") -> # | BH16: =IF(AZ16="HF",O16,"#") -> # | BI16: =IF(AZ16="DM",O16,"#") -> # | BJ16: =IF(AZ16="DF",O16,"#") -> 0 | BK16: =IF(D16="M",O16,"#") -> # | BL16: =IF(D16="F",O16,"#") -> 0 | BP16: =IF(BA16="HMT",AJ16,"#") -> # | BQ16: =IF(BA16="HFT",AJ16,"#") -> # | BR16: =IF(BA16="DMT",AJ16,"#") -> # | BS16: =IF(BA16="DFT",AJ16,"#") -> P | BT16: =IF(BA16="HMNT",AJ16,"#") -> # | BU16: =IF(BA16="HFNT",AJ16,"#") -> # | BV16: =IF(BA16="DMNT",AJ16,"#") -> # | BW16: =IF(BA16="DFNT",AJ16,"#") -> # | BY16: =IF(BA16="HMT",O16,"#") -> # | BZ16: =IF(BA16="HFT",O16,"#") -> # | CA16: =IF(BA16="DMT",O16,"#") -> # | CB16: =IF(BA16="DFT",O16,"#") -> 0 | CC16: =IF(BA16="HMNT",O16,"#") -> # | CD16: =IF(BA16="HFNT",O16,"#") -> # | CE16: =IF(BA16="DMNT",O16,"#") -> # | CF16: =IF(BA16="DFNT",O16,"#") -> # | CG16: =IF(D16="M",O16,"#") -> # | CH16: =IF(D16="F",O16,"#") -> 0 | CK16: =IF(W16=0,"EEP,"," ") | CL16: =IF(X16=0,"POC,"," ") | CM16: =IF(Y16=0,"DAV,"," ") | CN16: =IF(Z16=0,"EP,"," ") | CO16: =IF(AA16=0,"MAD,"," ") | CP16: =IF(AB16=0,"CCP,"," ") | CQ16: =IF(AC16=0,"UIUX,"," ") | CR16: =IF(AD16=0,"DEV,"," ") | CT16: =O16 -> 0 | CU16: =A16 -> 9 | CV16: =B16 -> 24IT0009 | CW16: =C16 -> AKSHAYA T | CX16: =CONCATENATE(CK16,CL16,CM16,CN16,CO16,CP16,CQ16,CR16,CS16) | CY16: =CT16 -> 0 | DA16: =IF(E16="H",O16,"#") -> # | DB16: =IF(E16="D",O16,"#") -> 0
A17: 10 | B17: 24IT0010 | C17: AMIZHTHINI I | D17: F | E17: H | G17: O | H17: A | I17: B+ | J17: A+ | K17: O | L17: A | M17: O | N17: B+ | O17: =COUNTIF(G17:N17,"U")+COUNTIF(G17:N17,"UA")+COUNTIF(G17:N17,"WH") -> 0 | Q17: =AH17 -> 23 | R17: 8.32 | V17: T | W17: =IF(G17="O",10,IF(G17="A+",9,IF(G17="A",8,IF(G17="B+",7,IF(G17="B",6,IF(G17="C",5,IF(G17="RA",0,IF(G17="U",0,IF(G17="UA",0,0))))))))) -> 10 | X17: =IF(H17="O",10,IF(H17="A+",9,IF(H17="A",8,IF(H17="B+",7,IF(H17="B",6,IF(H17="C",5,IF(H17="RA",0,IF(H17="U",0,IF(H17="UA",0,0))))))))) -> 8 | Y17: =IF(I17="O",10,IF(I17="A+",9,IF(I17="A",8,IF(I17="B+",7,IF(I17="B",6,IF(I17="C",5,IF(I17="RA",0,IF(I17="U",0,IF(I17="UA",0,0))))))))) -> 7 | Z17: =IF(J17="O",10,IF(J17="A+",9,IF(J17="A",8,IF(J17="B+",7,IF(J17="B",6,IF(J17="C",5,IF(J17="RA",0,IF(J17="U",0,IF(J17="UA",0,0))))))))) -> 9 | AA17: =IF(K17="O",10,IF(K17="A+",9,IF(K17="A",8,IF(K17="B+",7,IF(K17="B",6,IF(K17="C",5,IF(K17="RA",0,IF(K17="U",0,IF(K17="UA",0,0))))))))) -> 10 | AB17: =IF(L17="O",10,IF(L17="A+",9,IF(L17="A",8,IF(L17="B+",7,IF(L17="B",6,IF(L17="C",5,IF(L17="RA",0,IF(L17="U",0,IF(L17="UA",0,0))))))))) -> 8 | AC17: =IF(M17="O",10,IF(M17="A+",9,IF(M17="A",8,IF(M17="B+",7,IF(M17="B",6,IF(M17="C",5,IF(M17="RA",0,IF(M17="U",0,IF(M17="UA",0,0))))))))) -> 10 | AD17: =IF(N17="O",10,IF(N17="A+",9,IF(N17="A",8,IF(N17="B+",7,IF(N17="B",6,IF(N17="C",5,IF(N17="RA",0,IF(N17="U",0,IF(N17="UA",0,0))))))))) -> 7 | AG17: =(W17*W$7)+(X17*X$7)+(Y17*Y$7)+(Z17*Z$7)+(AA17*AA$7)+(AB17*AB$7)+(AC17*AC$7)+(AD17*AD$7) -> 195 | AH17: =IF(W17=0,0,W$7)+IF(X17=0,0,X$7)+IF(Y17=0,0,Y$7)+IF(Z17=0,0,Z$7)+IF(AA17=0,0,AA$7)+IF(AB17=0,0,AB$7)+IF(AC17=0,0,AC$7)+IF(AD17=0,0,AD$7) -> 23 | AI17: =IF(AH17=0,0,AG17/AH17) -> 8.4782609 | AJ17: =IF(AH17=23,"P","F") -> P | AK17: =IF(F17>179,1,0) -> 0 | AL17: =IF(F17>159,1,0)-AK17 -> 0 | AM17: =IF(F17>139,1,0)-(AK17+AL17) -> 0 | AN17: =IF(F17>119,1,0)-(AK17+AL17+AM17) -> 0 | AO17: =IF(F17>109,1,0)-(AK17+AL17+AM17+AN17) -> 0 | AP17: =IF(F17>=100,1,0)-(AK17+AL17+AM17+AN17+AO17) -> 0 | AQ17: =IF(F17<100,1,0) -> 1 | AS17: =IF(AK17=0,0,AJ17) -> 0 | AT17: =IF(AL17=0,0,AJ17) -> 0 | AU17: =IF(AM17=0,0,AJ17) -> 0 | AV17: =IF(AN17=0,0,AJ17) -> 0 | AW17: =IF(AO17=0,0,AJ17) -> 0 | AX17: =IF(AP17=0,0,AJ17) -> 0 | AY17: =IF(AQ17=0,0,AJ17) -> P | AZ17: =CONCATENATE(E17,D17) -> HF | BA17: =CONCATENATE(AZ17,V17) -> HFT | BB17: =IF(AZ17="HM",AJ17,"#") -> # | BC17: =IF(AZ17="HF",AJ17,"#") -> P | BD17: =IF(AZ17="DM",AJ17,"#") -> # | BE17: =IF(AZ17="DF",AJ17,"#") -> # | BG17: =IF(AZ17="HM",O17,"#") -> # | BH17: =IF(AZ17="HF",O17,"#") -> 0 | BI17: =IF(AZ17="DM",O17,"#") -> # | BJ17: =IF(AZ17="DF",O17,"#") -> # | BK17: =IF(D17="M",O17,"#") -> # | BL17: =IF(D17="F",O17,"#") -> 0 | BP17: =IF(BA17="HMT",AJ17,"#") -> # | BQ17: =IF(BA17="HFT",AJ17,"#") -> P | BR17: =IF(BA17="DMT",AJ17,"#") -> # | BS17: =IF(BA17="DFT",AJ17,"#") -> # | BT17: =IF(BA17="HMNT",AJ17,"#") -> # | BU17: =IF(BA17="HFNT",AJ17,"#") -> # | BV17: =IF(BA17="DMNT",AJ17,"#") -> # | BW17: =IF(BA17="DFNT",AJ17,"#") -> # | BY17: =IF(BA17="HMT",O17,"#") -> # | BZ17: =IF(BA17="HFT",O17,"#") -> 0 | CA17: =IF(BA17="DMT",O17,"#") -> # | CB17: =IF(BA17="DFT",O17,"#") -> # | CC17: =IF(BA17="HMNT",O17,"#") -> # | CD17: =IF(BA17="HFNT",O17,"#") -> # | CE17: =IF(BA17="DMNT",O17,"#") -> # | CF17: =IF(BA17="DFNT",O17,"#") -> # | CG17: =IF(D17="M",O17,"#") -> # | CH17: =IF(D17="F",O17,"#") -> 0 | CK17: =IF(W17=0,"EEP,"," ") | CL17: =IF(X17=0,"POC,"," ") | CM17: =IF(Y17=0,"DAV,"," ") | CN17: =IF(Z17=0,"EP,"," ") | CO17: =IF(AA17=0,"MAD,"," ") | CP17: =IF(AB17=0,"CCP,"," ") | CQ17: =IF(AC17=0,"UIUX,"," ") | CR17: =IF(AD17=0,"DEV,"," ") | CT17: =O17 -> 0 | CU17: =A17 -> 10 | CV17: =B17 -> 24IT0010 | CW17: =C17 -> AMIZHTHINI I | CX17: =CONCATENATE(CK17,CL17,CM17,CN17,CO17,CP17,CQ17,CR17,CS17) | CY17: =CT17 -> 0 | DA17: =IF(E17="H",O17,"#") -> 0 | DB17: =IF(E17="D",O17,"#") -> #
A18: 11 | B18: 24IT0011 | C18: ANGELIN FELINA A | D18: F | E18: H | G18: O | H18: A+ | I18: O | J18: A+ | K18: O | L18: O | M18: O | N18: B+ | O18: =COUNTIF(G18:N18,"U")+COUNTIF(G18:N18,"UA")+COUNTIF(G18:N18,"WH") -> 0 | Q18: =AH18 -> 23 | R18: 9.24 | V18: T | W18: =IF(G18="O",10,IF(G18="A+",9,IF(G18="A",8,IF(G18="B+",7,IF(G18="B",6,IF(G18="C",5,IF(G18="RA",0,IF(G18="U",0,IF(G18="UA",0,0))))))))) -> 10 | X18: =IF(H18="O",10,IF(H18="A+",9,IF(H18="A",8,IF(H18="B+",7,IF(H18="B",6,IF(H18="C",5,IF(H18="RA",0,IF(H18="U",0,IF(H18="UA",0,0))))))))) -> 9 | Y18: =IF(I18="O",10,IF(I18="A+",9,IF(I18="A",8,IF(I18="B+",7,IF(I18="B",6,IF(I18="C",5,IF(I18="RA",0,IF(I18="U",0,IF(I18="UA",0,0))))))))) -> 10 | Z18: =IF(J18="O",10,IF(J18="A+",9,IF(J18="A",8,IF(J18="B+",7,IF(J18="B",6,IF(J18="C",5,IF(J18="RA",0,IF(J18="U",0,IF(J18="UA",0,0))))))))) -> 9 | AA18: =IF(K18="O",10,IF(K18="A+",9,IF(K18="A",8,IF(K18="B+",7,IF(K18="B",6,IF(K18="C",5,IF(K18="RA",0,IF(K18="U",0,IF(K18="UA",0,0))))))))) -> 10 | AB18: =IF(L18="O",10,IF(L18="A+",9,IF(L18="A",8,IF(L18="B+",7,IF(L18="B",6,IF(L18="C",5,IF(L18="RA",0,IF(L18="U",0,IF(L18="UA",0,0))))))))) -> 10 | AC18: =IF(M18="O",10,IF(M18="A+",9,IF(M18="A",8,IF(M18="B+",7,IF(M18="B",6,IF(M18="C",5,IF(M18="RA",0,IF(M18="U",0,IF(M18="UA",0,0))))))))) -> 10 | AD18: =IF(N18="O",10,IF(N18="A+",9,IF(N18="A",8,IF(N18="B+",7,IF(N18="B",6,IF(N18="C",5,IF(N18="RA",0,IF(N18="U",0,IF(N18="UA",0,0))))))))) -> 7 | AG18: =(W18*W$7)+(X18*X$7)+(Y18*Y$7)+(Z18*Z$7)+(AA18*AA$7)+(AB18*AB$7)+(AC18*AC$7)+(AD18*AD$7) -> 213 | AH18: =IF(W18=0,0,W$7)+IF(X18=0,0,X$7)+IF(Y18=0,0,Y$7)+IF(Z18=0,0,Z$7)+IF(AA18=0,0,AA$7)+IF(AB18=0,0,AB$7)+IF(AC18=0,0,AC$7)+IF(AD18=0,0,AD$7) -> 23 | AI18: =IF(AH18=0,0,AG18/AH18) -> 9.2608696 | AJ18: =IF(AH18=23,"P","F") -> P | AK18: =IF(F18>179,1,0) -> 0 | AL18: =IF(F18>159,1,0)-AK18 -> 0 | AM18: =IF(F18>139,1,0)-(AK18+AL18) -> 0 | AN18: =IF(F18>119,1,0)-(AK18+AL18+AM18) -> 0 | AO18: =IF(F18>109,1,0)-(AK18+AL18+AM18+AN18) -> 0 | AP18: =IF(F18>=100,1,0)-(AK18+AL18+AM18+AN18+AO18) -> 0 | AQ18: =IF(F18<100,1,0) -> 1 | AS18: =IF(AK18=0,0,AJ18) -> 0 | AT18: =IF(AL18=0,0,AJ18) -> 0 | AU18: =IF(AM18=0,0,AJ18) -> 0 | AV18: =IF(AN18=0,0,AJ18) -> 0 | AW18: =IF(AO18=0,0,AJ18) -> 0 | AX18: =IF(AP18=0,0,AJ18) -> 0 | AY18: =IF(AQ18=0,0,AJ18) -> P | AZ18: =CONCATENATE(E18,D18) -> HF | BA18: =CONCATENATE(AZ18,V18) -> HFT | BB18: =IF(AZ18="HM",AJ18,"#") -> # | BC18: =IF(AZ18="HF",AJ18,"#") -> P | BD18: =IF(AZ18="DM",AJ18,"#") -> # | BE18: =IF(AZ18="DF",AJ18,"#") -> # | BG18: =IF(AZ18="HM",O18,"#") -> # | BH18: =IF(AZ18="HF",O18,"#") -> 0 | BI18: =IF(AZ18="DM",O18,"#") -> # | BJ18: =IF(AZ18="DF",O18,"#") -> # | BK18: =IF(D18="M",O18,"#") -> # | BL18: =IF(D18="F",O18,"#") -> 0 | BP18: =IF(BA18="HMT",AJ18,"#") -> # | BQ18: =IF(BA18="HFT",AJ18,"#") -> P | BR18: =IF(BA18="DMT",AJ18,"#") -> # | BS18: =IF(BA18="DFT",AJ18,"#") -> # | BT18: =IF(BA18="HMNT",AJ18,"#") -> # | BU18: =IF(BA18="HFNT",AJ18,"#") -> # | BV18: =IF(BA18="DMNT",AJ18,"#") -> # | BW18: =IF(BA18="DFNT",AJ18,"#") -> # | BY18: =IF(BA18="HMT",O18,"#") -> # | BZ18: =IF(BA18="HFT",O18,"#") -> 0 | CA18: =IF(BA18="DMT",O18,"#") -> # | CB18: =IF(BA18="DFT",O18,"#") -> # | CC18: =IF(BA18="HMNT",O18,"#") -> # | CD18: =IF(BA18="HFNT",O18,"#") -> # | CE18: =IF(BA18="DMNT",O18,"#") -> # | CF18: =IF(BA18="DFNT",O18,"#") -> # | CG18: =IF(D18="M",O18,"#") -> # | CH18: =IF(D18="F",O18,"#") -> 0 | CK18: =IF(W18=0,"EEP,"," ") | CL18: =IF(X18=0,"POC,"," ") | CM18: =IF(Y18=0,"DAV,"," ") | CN18: =IF(Z18=0,"EP,"," ") | CO18: =IF(AA18=0,"MAD,"," ") | CP18: =IF(AB18=0,"CCP,"," ") | CQ18: =IF(AC18=0,"UIUX,"," ") | CR18: =IF(AD18=0,"DEV,"," ") | CT18: =O18 -> 0 | CU18: =A18 -> 11 | CV18: =B18 -> 24IT0011 | CW18: =C18 -> ANGELIN FELINA A | CX18: =CONCATENATE(CK18,CL18,CM18,CN18,CO18,CP18,CQ18,CR18,CS18) | CY18: =CT18 -> 0 | DA18: =IF(E18="H",O18,"#") -> 0 | DB18: =IF(E18="D",O18,"#") -> #
A19: 12 | B19: 24IT0012 | C19: AQSAR AKKIM T A | D19: M | E19: D | G19: O | H19: A | I19: A | J19: A+ | K19: A | L19: A | M19: O | N19: B+ | O19: =COUNTIF(G19:N19,"U")+COUNTIF(G19:N19,"UA")+COUNTIF(G19:N19,"WH") -> 0 | Q19: =AH19 -> 23 | R19: 8.16 | V19: T | W19: =IF(G19="O",10,IF(G19="A+",9,IF(G19="A",8,IF(G19="B+",7,IF(G19="B",6,IF(G19="C",5,IF(G19="RA",0,IF(G19="U",0,IF(G19="UA",0,0))))))))) -> 10 | X19: =IF(H19="O",10,IF(H19="A+",9,IF(H19="A",8,IF(H19="B+",7,IF(H19="B",6,IF(H19="C",5,IF(H19="RA",0,IF(H19="U",0,IF(H19="UA",0,0))))))))) -> 8 | Y19: =IF(I19="O",10,IF(I19="A+",9,IF(I19="A",8,IF(I19="B+",7,IF(I19="B",6,IF(I19="C",5,IF(I19="RA",0,IF(I19="U",0,IF(I19="UA",0,0))))))))) -> 8 | Z19: =IF(J19="O",10,IF(J19="A+",9,IF(J19="A",8,IF(J19="B+",7,IF(J19="B",6,IF(J19="C",5,IF(J19="RA",0,IF(J19="U",0,IF(J19="UA",0,0))))))))) -> 9 | AA19: =IF(K19="O",10,IF(K19="A+",9,IF(K19="A",8,IF(K19="B+",7,IF(K19="B",6,IF(K19="C",5,IF(K19="RA",0,IF(K19="U",0,IF(K19="UA",0,0))))))))) -> 8 | AB19: =IF(L19="O",10,IF(L19="A+",9,IF(L19="A",8,IF(L19="B+",7,IF(L19="B",6,IF(L19="C",5,IF(L19="RA",0,IF(L19="U",0,IF(L19="UA",0,0))))))))) -> 8 | AC19: =IF(M19="O",10,IF(M19="A+",9,IF(M19="A",8,IF(M19="B+",7,IF(M19="B",6,IF(M19="C",5,IF(M19="RA",0,IF(M19="U",0,IF(M19="UA",0,0))))))))) -> 10 | AD19: =IF(N19="O",10,IF(N19="A+",9,IF(N19="A",8,IF(N19="B+",7,IF(N19="B",6,IF(N19="C",5,IF(N19="RA",0,IF(N19="U",0,IF(N19="UA",0,0))))))))) -> 7 | AG19: =(W19*W$7)+(X19*X$7)+(Y19*Y$7)+(Z19*Z$7)+(AA19*AA$7)+(AB19*AB$7)+(AC19*AC$7)+(AD19*AD$7) -> 193 | AH19: =IF(W19=0,0,W$7)+IF(X19=0,0,X$7)+IF(Y19=0,0,Y$7)+IF(Z19=0,0,Z$7)+IF(AA19=0,0,AA$7)+IF(AB19=0,0,AB$7)+IF(AC19=0,0,AC$7)+IF(AD19=0,0,AD$7) -> 23 | AI19: =IF(AH19=0,0,AG19/AH19) -> 8.3913043 | AJ19: =IF(AH19=23,"P","F") -> P | AK19: =IF(F19>179,1,0) -> 0 | AL19: =IF(F19>159,1,0)-AK19 -> 0 | AM19: =IF(F19>139,1,0)-(AK19+AL19) -> 0 | AN19: =IF(F19>119,1,0)-(AK19+AL19+AM19) -> 0 | AO19: =IF(F19>109,1,0)-(AK19+AL19+AM19+AN19) -> 0 | AP19: =IF(F19>=100,1,0)-(AK19+AL19+AM19+AN19+AO19) -> 0 | AQ19: =IF(F19<100,1,0) -> 1 | AS19: =IF(AK19=0,0,AJ19) -> 0 | AT19: =IF(AL19=0,0,AJ19) -> 0 | AU19: =IF(AM19=0,0,AJ19) -> 0 | AV19: =IF(AN19=0,0,AJ19) -> 0 | AW19: =IF(AO19=0,0,AJ19) -> 0 | AX19: =IF(AP19=0,0,AJ19) -> 0 | AY19: =IF(AQ19=0,0,AJ19) -> P | AZ19: =CONCATENATE(E19,D19) -> DM | BA19: =CONCATENATE(AZ19,V19) -> DMT | BB19: =IF(AZ19="HM",AJ19,"#") -> # | BC19: =IF(AZ19="HF",AJ19,"#") -> # | BD19: =IF(AZ19="DM",AJ19,"#") -> P | BE19: =IF(AZ19="DF",AJ19,"#") -> # | BG19: =IF(AZ19="HM",O19,"#") -> # | BH19: =IF(AZ19="HF",O19,"#") -> # | BI19: =IF(AZ19="DM",O19,"#") -> 0 | BJ19: =IF(AZ19="DF",O19,"#") -> # | BK19: =IF(D19="M",O19,"#") -> 0 | BL19: =IF(D19="F",O19,"#") -> # | BP19: =IF(BA19="HMT",AJ19,"#") -> # | BQ19: =IF(BA19="HFT",AJ19,"#") -> # | BR19: =IF(BA19="DMT",AJ19,"#") -> P | BS19: =IF(BA19="DFT",AJ19,"#") -> # | BT19: =IF(BA19="HMNT",AJ19,"#") -> # | BU19: =IF(BA19="HFNT",AJ19,"#") -> # | BV19: =IF(BA19="DMNT",AJ19,"#") -> # | BW19: =IF(BA19="DFNT",AJ19,"#") -> # | BY19: =IF(BA19="HMT",O19,"#") -> # | BZ19: =IF(BA19="HFT",O19,"#") -> # | CA19: =IF(BA19="DMT",O19,"#") -> 0 | CB19: =IF(BA19="DFT",O19,"#") -> # | CC19: =IF(BA19="HMNT",O19,"#") -> # | CD19: =IF(BA19="HFNT",O19,"#") -> # | CE19: =IF(BA19="DMNT",O19,"#") -> # | CF19: =IF(BA19="DFNT",O19,"#") -> # | CG19: =IF(D19="M",O19,"#") -> 0 | CH19: =IF(D19="F",O19,"#") -> # | CK19: =IF(W19=0,"EEP,"," ") | CL19: =IF(X19=0,"POC,"," ") | CM19: =IF(Y19=0,"DAV,"," ") | CN19: =IF(Z19=0,"EP,"," ") | CO19: =IF(AA19=0,"MAD,"," ") | CP19: =IF(AB19=0,"CCP,"," ") | CQ19: =IF(AC19=0,"UIUX,"," ") | CR19: =IF(AD19=0,"DEV,"," ") | CT19: =O19 -> 0 | CU19: =A19 -> 12 | CV19: =B19 -> 24IT0012 | CW19: =C19 -> AQSAR AKKIM T A | CX19: =CONCATENATE(CK19,CL19,CM19,CN19,CO19,CP19,CQ19,CR19,CS19) | CY19: =CT19 -> 0 | DA19: =IF(E19="H",O19,"#") -> # | DB19: =IF(E19="D",O19,"#") -> 0
... A39: 32 | B39: 24IT0032 | C39: DINESH S | D39: M | E39: D | G39: O | H39: A | I39: A | J39: A+ | K39: B+ | L39: B+ | M39: O | N39: B+ | O39: =COUNTIF(G39:N39,"U")+COUNTIF(G39:N39,"UA")+COUNTIF(G39:N39,"WH") -> 0 | Q39: =AH39 -> 23 | R39: 7.84 | V39: T | W39: =IF(G39="O",10,IF(G39="A+",9,IF(G39="A",8,IF(G39="B+",7,IF(G39="B",6,IF(G39="C",5,IF(G39="RA",0,IF(G39="U",0,IF(G39="UA",0,0))))))))) -> 10 | X39: =IF(H39="O",10,IF(H39="A+",9,IF(H39="A",8,IF(H39="B+",7,IF(H39="B",6,IF(H39="C",5,IF(H39="RA",0,IF(H39="U",0,IF(H39="UA",0,0))))))))) -> 8 | Y39: =IF(I39="O",10,IF(I39="A+",9,IF(I39="A",8,IF(I39="B+",7,IF(I39="B",6,IF(I39="C",5,IF(I39="RA",0,IF(I39="U",0,IF(I39="UA",0,0))))))))) -> 8 | Z39: =IF(J39="O",10,IF(J39="A+",9,IF(J39="A",8,IF(J39="B+",7,IF(J39="B",6,IF(J39="C",5,IF(J39="RA",0,IF(J39="U",0,IF(J39="UA",0,0))))))))) -> 9 | AA39: =IF(K39="O",10,IF(K39="A+",9,IF(K39="A",8,IF(K39="B+",7,IF(K39="B",6,IF(K39="C",5,IF(K39="RA",0,IF(K39="U",0,IF(K39="UA",0,0))))))))) -> 7 | AB39: =IF(L39="O",10,IF(L39="A+",9,IF(L39="A",8,IF(L39="B+",7,IF(L39="B",6,IF(L39="C",5,IF(L39="RA",0,IF(L39="U",0,IF(L39="UA",0,0))))))))) -> 7 | AC39: =IF(M39="O",10,IF(M39="A+",9,IF(M39="A",8,IF(M39="B+",7,IF(M39="B",6,IF(M39="C",5,IF(M39="RA",0,IF(M39="U",0,IF(M39="UA",0,0))))))))) -> 10 | AD39: =IF(N39="O",10,IF(N39="A+",9,IF(N39="A",8,IF(N39="B+",7,IF(N39="B",6,IF(N39="C",5,IF(N39="RA",0,IF(N39="U",0,IF(N39="UA",0,0))))))))) -> 7 | AG39: =(W39*W$7)+(X39*X$7)+(Y39*Y$7)+(Z39*Z$7)+(AA39*AA$7)+(AB39*AB$7)+(AC39*AC$7)+(AD39*AD$7) -> 189 | AH39: =IF(W39=0,0,W$7)+IF(X39=0,0,X$7)+IF(Y39=0,0,Y$7)+IF(Z39=0,0,Z$7)+IF(AA39=0,0,AA$7)+IF(AB39=0,0,AB$7)+IF(AC39=0,0,AC$7)+IF(AD39=0,0,AD$7) -> 23 | AI39: =IF(AH39=0,0,AG39/AH39) -> 8.2173913 | AJ39: =IF(AH39=23,"P","F") -> P | AK39: =IF(F39>179,1,0) -> 0 | AL39: =IF(F39>159,1,0)-AK39 -> 0 | AM39: =IF(F39>139,1,0)-(AK39+AL39) -> 0 | AN39: =IF(F39>119,1,0)-(AK39+AL39+AM39) -> 0 | AO39: =IF(F39>109,1,0)-(AK39+AL39+AM39+AN39) -> 0 | AP39: =IF(F39>=100,1,0)-(AK39+AL39+AM39+AN39+AO39) -> 0 | AQ39: =IF(F39<100,1,0) -> 1 | AS39: =IF(AK39=0,0,AJ39) -> 0 | AT39: =IF(AL39=0,0,AJ39) -> 0 | AU39: =IF(AM39=0,0,AJ39) -> 0 | AV39: =IF(AN39=0,0,AJ39) -> 0 | AW39: =IF(AO39=0,0,AJ39) -> 0 | AX39: =IF(AP39=0,0,AJ39) -> 0 | AY39: =IF(AQ39=0,0,AJ39) -> P | AZ39: =CONCATENATE(E39,D39) -> DM | BA39: =CONCATENATE(AZ39,V39) -> DMT | BB39: =IF(AZ39="HM",AJ39,"#") -> # | BC39: =IF(AZ39="HF",AJ39,"#") -> # | BD39: =IF(AZ39="DM",AJ39,"#") -> P | BE39: =IF(AZ39="DF",AJ39,"#") -> # | BG39: =IF(AZ39="HM",O39,"#") -> # | BH39: =IF(AZ39="HF",O39,"#") -> # | BI39: =IF(AZ39="DM",O39,"#") -> 0 | BJ39: =IF(AZ39="DF",O39,"#") -> # | BK39: =IF(D39="M",O39,"#") -> 0 | BL39: =IF(D39="F",O39,"#") -> # | BP39: =IF(BA39="HMT",AJ39,"#") -> # | BQ39: =IF(BA39="HFT",AJ39,"#") -> # | BR39: =IF(BA39="DMT",AJ39,"#") -> P | BS39: =IF(BA39="DFT",AJ39,"#") -> # | BT39: =IF(BA39="HMNT",AJ39,"#") -> # | BU39: =IF(BA39="HFNT",AJ39,"#") -> # | BV39: =IF(BA39="DMNT",AJ39,"#") -> # | BW39: =IF(BA39="DFNT",AJ39,"#") -> # | BY39: =IF(BA39="HMT",O39,"#") -> # | BZ39: =IF(BA39="HFT",O39,"#") -> # | CA39: =IF(BA39="DMT",O39,"#") -> 0 | CB39: =IF(BA39="DFT",O39,"#") -> # | CC39: =IF(BA39="HMNT",O39,"#") -> # | CD39: =IF(BA39="HFNT",O39,"#") -> # | CE39: =IF(BA39="DMNT",O39,"#") -> # | CF39: =IF(BA39="DFNT",O39,"#") -> # | CG39: =IF(D39="M",O39,"#") -> 0 | CH39: =IF(D39="F",O39,"#") -> # | CK39: =IF(W39=0,"EEP,"," ") | CL39: =IF(X39=0,"POC,"," ") | CM39: =IF(Y39=0,"DAV,"," ") | CN39: =IF(Z39=0,"EP,"," ") | CO39: =IF(AA39=0,"MAD,"," ") | CP39: =IF(AB39=0,"CCP,"," ") | CQ39: =IF(AC39=0,"UIUX,"," ") | CR39: =IF(AD39=0,"DEV,"," ") | CT39: =O39 -> 0 | CU39: =A39 -> 32 | CV39: =B39 -> 24IT0032 | CW39: =C39 -> DINESH S | CX39: =CONCATENATE(CK39,CL39,CM39,CN39,CO39,CP39,CQ39,CR39,CS39) | CY39: =CT39 -> 0 | DA39: =IF(E39="H",O39,"#") -> # | DB39: =IF(E39="D",O39,"#") -> 0
A40: 33 | B40: 24IT0033 | C40: DIVYASRI V S | E40: D | G40: O | H40: A | I40: A+ | J40: A+ | K40: B+ | L40: A | M40: O | N40: B+ | O40: =COUNTIF(G40:N40,"U")+COUNTIF(G40:N40,"UA")+COUNTIF(G40:N40,"WH") -> 0 | Q40: =AH40 -> 23 | R40: 8.16 | V40: T | W40: =IF(G40="O",10,IF(G40="A+",9,IF(G40="A",8,IF(G40="B+",7,IF(G40="B",6,IF(G40="C",5,IF(G40="RA",0,IF(G40="U",0,IF(G40="UA",0,0))))))))) -> 10 | X40: =IF(H40="O",10,IF(H40="A+",9,IF(H40="A",8,IF(H40="B+",7,IF(H40="B",6,IF(H40="C",5,IF(H40="RA",0,IF(H40="U",0,IF(H40="UA",0,0))))))))) -> 8 | Y40: =IF(I40="O",10,IF(I40="A+",9,IF(I40="A",8,IF(I40="B+",7,IF(I40="B",6,IF(I40="C",5,IF(I40="RA",0,IF(I40="U",0,IF(I40="UA",0,0))))))))) -> 9 | Z40: =IF(J40="O",10,IF(J40="A+",9,IF(J40="A",8,IF(J40="B+",7,IF(J40="B",6,IF(J40="C",5,IF(J40="RA",0,IF(J40="U",0,IF(J40="UA",0,0))))))))) -> 9 | AA40: =IF(K40="O",10,IF(K40="A+",9,IF(K40="A",8,IF(K40="B+",7,IF(K40="B",6,IF(K40="C",5,IF(K40="RA",0,IF(K40="U",0,IF(K40="UA",0,0))))))))) -> 7 | AB40: =IF(L40="O",10,IF(L40="A+",9,IF(L40="A",8,IF(L40="B+",7,IF(L40="B",6,IF(L40="C",5,IF(L40="RA",0,IF(L40="U",0,IF(L40="UA",0,0))))))))) -> 8 | AC40: =IF(M40="O",10,IF(M40="A+",9,IF(M40="A",8,IF(M40="B+",7,IF(M40="B",6,IF(M40="C",5,IF(M40="RA",0,IF(M40="U",0,IF(M40="UA",0,0))))))))) -> 10 | AD40: =IF(N40="O",10,IF(N40="A+",9,IF(N40="A",8,IF(N40="B+",7,IF(N40="B",6,IF(N40="C",5,IF(N40="RA",0,IF(N40="U",0,IF(N40="UA",0,0))))))))) -> 7 | AG40: =(W40*W$7)+(X40*X$7)+(Y40*Y$7)+(Z40*Z$7)+(AA40*AA$7)+(AB40*AB$7)+(AC40*AC$7)+(AD40*AD$7) -> 194 | AH40: =IF(W40=0,0,W$7)+IF(X40=0,0,X$7)+IF(Y40=0,0,Y$7)+IF(Z40=0,0,Z$7)+IF(AA40=0,0,AA$7)+IF(AB40=0,0,AB$7)+IF(AC40=0,0,AC$7)+IF(AD40=0,0,AD$7) -> 23 | AI40: =IF(AH40=0,0,AG40/AH40) -> 8.4347826 | AJ40: =IF(AH40=23,"P","F") -> P | AK40: =IF(F40>179,1,0) -> 0 | AL40: =IF(F40>159,1,0)-AK40 -> 0 | AM40: =IF(F40>139,1,0)-(AK40+AL40) -> 0 | AN40: =IF(F40>119,1,0)-(AK40+AL40+AM40) -> 0 | AO40: =IF(F40>109,1,0)-(AK40+AL40+AM40+AN40) -> 0 | AP40: =IF(F40>=100,1,0)-(AK40+AL40+AM40+AN40+AO40) -> 0 | AQ40: =IF(F40<100,1,0) -> 1 | AS40: =IF(AK40=0,0,AJ40) -> 0 | AT40: =IF(AL40=0,0,AJ40) -> 0 | AU40: =IF(AM40=0,0,AJ40) -> 0 | AV40: =IF(AN40=0,0,AJ40) -> 0 | AW40: =IF(AO40=0,0,AJ40) -> 0 | AX40: =IF(AP40=0,0,AJ40) -> 0 | AY40: =IF(AQ40=0,0,AJ40) -> P | AZ40: =CONCATENATE(E40,D40) -> D | BA40: =CONCATENATE(AZ40,V40) -> DT | BB40: =IF(AZ40="HM",AJ40,"#") -> # | BC40: =IF(AZ40="HF",AJ40,"#") -> # | BD40: =IF(AZ40="DM",AJ40,"#") -> # | BE40: =IF(AZ40="DF",AJ40,"#") -> # | BG40: =IF(AZ40="HM",O40,"#") -> # | BH40: =IF(AZ40="HF",O40,"#") -> # | BI40: =IF(AZ40="DM",O40,"#") -> # | BJ40: =IF(AZ40="DF",O40,"#") -> # | BK40: =IF(D40="M",O40,"#") -> # | BL40: =IF(D40="F",O40,"#") -> # | BP40: =IF(BA40="HMT",AJ40,"#") -> # | BQ40: =IF(BA40="HFT",AJ40,"#") -> # | BR40: =IF(BA40="DMT",AJ40,"#") -> # | BS40: =IF(BA40="DFT",AJ40,"#") -> # | BT40: =IF(BA40="HMNT",AJ40,"#") -> # | BU40: =IF(BA40="HFNT",AJ40,"#") -> # | BV40: =IF(BA40="DMNT",AJ40,"#") -> # | BW40: =IF(BA40="DFNT",AJ40,"#") -> # | BY40: =IF(BA40="HMT",O40,"#") -> # | BZ40: =IF(BA40="HFT",O40,"#") -> # | CA40: =IF(BA40="DMT",O40,"#") -> # | CB40: =IF(BA40="DFT",O40,"#") -> # | CC40: =IF(BA40="HMNT",O40,"#") -> # | CD40: =IF(BA40="HFNT",O40,"#") -> # | CE40: =IF(BA40="DMNT",O40,"#") -> # | CF40: =IF(BA40="DFNT",O40,"#") -> # | CG40: =IF(D40="M",O40,"#") -> # | CH40: =IF(D40="F",O40,"#") -> # | CK40: =IF(W40=0,"EEP,"," ") | CL40: =IF(X40=0,"POC,"," ") | CM40: =IF(Y40=0,"DAV,"," ") | CN40: =IF(Z40=0,"EP,"," ") | CO40: =IF(AA40=0,"MAD,"," ") | CP40: =IF(AB40=0,"CCP,"," ") | CQ40: =IF(AC40=0,"UIUX,"," ") | CR40: =IF(AD40=0,"DEV,"," ") | CT40: =O40 -> 0 | CU40: =A40 -> 33 | CV40: =B40 -> 24IT0033 | CW40: =C40 -> DIVYASRI V S | CX40: =CONCATENATE(CK40,CL40,CM40,CN40,CO40,CP40,CQ40,CR40,CS40) | CY40: =CT40 -> 0 | DA40: =IF(E40="H",O40,"#") -> # | DB40: =IF(E40="D",O40,"#") -> 0
A41: 34 | B41: 24IT0034 | C41: E NITHYAPRABHA | E41: D | G41: O | H41: A | I41: A+ | J41: A+ | K41: A+ | L41: A | M41: O | N41: B+ | O41: =COUNTIF(G41:N41,"U")+COUNTIF(G41:N41,"UA")+COUNTIF(G41:N41,"WH") -> 0 | Q41: =AH41 -> 23 | R41: 8.48 | V41: T | W41: =IF(G41="O",10,IF(G41="A+",9,IF(G41="A",8,IF(G41="B+",7,IF(G41="B",6,IF(G41="C",5,IF(G41="RA",0,IF(G41="U",0,IF(G41="UA",0,0))))))))) -> 10 | X41: =IF(H41="O",10,IF(H41="A+",9,IF(H41="A",8,IF(H41="B+",7,IF(H41="B",6,IF(H41="C",5,IF(H41="RA",0,IF(H41="U",0,IF(H41="UA",0,0))))))))) -> 8 | Y41: =IF(I41="O",10,IF(I41="A+",9,IF(I41="A",8,IF(I41="B+",7,IF(I41="B",6,IF(I41="C",5,IF(I41="RA",0,IF(I41="U",0,IF(I41="UA",0,0))))))))) -> 9 | Z41: =IF(J41="O",10,IF(J41="A+",9,IF(J41="A",8,IF(J41="B+",7,IF(J41="B",6,IF(J41="C",5,IF(J41="RA",0,IF(J41="U",0,IF(J41="UA",0,0))))))))) -> 9 | AA41: =IF(K41="O",10,IF(K41="A+",9,IF(K41="A",8,IF(K41="B+",7,IF(K41="B",6,IF(K41="C",5,IF(K41="RA",0,IF(K41="U",0,IF(K41="UA",0,0))))))))) -> 9 | AB41: =IF(L41="O",10,IF(L41="A+",9,IF(L41="A",8,IF(L41="B+",7,IF(L41="B",6,IF(L41="C",5,IF(L41="RA",0,IF(L41="U",0,IF(L41="UA",0,0))))))))) -> 8 | AC41: =IF(M41="O",10,IF(M41="A+",9,IF(M41="A",8,IF(M41="B+",7,IF(M41="B",6,IF(M41="C",5,IF(M41="RA",0,IF(M41="U",0,IF(M41="UA",0,0))))))))) -> 10 | AD41: =IF(N41="O",10,IF(N41="A+",9,IF(N41="A",8,IF(N41="B+",7,IF(N41="B",6,IF(N41="C",5,IF(N41="RA",0,IF(N41="U",0,IF(N41="UA",0,0))))))))) -> 7 | AG41: =(W41*W$7)+(X41*X$7)+(Y41*Y$7)+(Z41*Z$7)+(AA41*AA$7)+(AB41*AB$7)+(AC41*AC$7)+(AD41*AD$7) -> 200 | AH41: =IF(W41=0,0,W$7)+IF(X41=0,0,X$7)+IF(Y41=0,0,Y$7)+IF(Z41=0,0,Z$7)+IF(AA41=0,0,AA$7)+IF(AB41=0,0,AB$7)+IF(AC41=0,0,AC$7)+IF(AD41=0,0,AD$7) -> 23 | AI41: =IF(AH41=0,0,AG41/AH41) -> 8.6956522 | AJ41: =IF(AH41=23,"P","F") -> P | AK41: =IF(F41>179,1,0) -> 0 | AL41: =IF(F41>159,1,0)-AK41 -> 0 | AM41: =IF(F41>139,1,0)-(AK41+AL41) -> 0 | AN41: =IF(F41>119,1,0)-(AK41+AL41+AM41) -> 0 | AO41: =IF(F41>109,1,0)-(AK41+AL41+AM41+AN41) -> 0 | AP41: =IF(F41>=100,1,0)-(AK41+AL41+AM41+AN41+AO41) -> 0 | AQ41: =IF(F41<100,1,0) -> 1 | AS41: =IF(AK41=0,0,AJ41) -> 0 | AT41: =IF(AL41=0,0,AJ41) -> 0 | AU41: =IF(AM41=0,0,AJ41) -> 0 | AV41: =IF(AN41=0,0,AJ41) -> 0 | AW41: =IF(AO41=0,0,AJ41) -> 0 | AX41: =IF(AP41=0,0,AJ41) -> 0 | AY41: =IF(AQ41=0,0,AJ41) -> P | AZ41: =CONCATENATE(E41,D41) -> D | BA41: =CONCATENATE(AZ41,V41) -> DT | BB41: =IF(AZ41="HM",AJ41,"#") -> # | BC41: =IF(AZ41="HF",AJ41,"#") -> # | BD41: =IF(AZ41="DM",AJ41,"#") -> # | BE41: =IF(AZ41="DF",AJ41,"#") -> # | BG41: =IF(AZ41="HM",O41,"#") -> # | BH41: =IF(AZ41="HF",O41,"#") -> # | BI41: =IF(AZ41="DM",O41,"#") -> # | BJ41: =IF(AZ41="DF",O41,"#") -> # | BK41: =IF(D41="M",O41,"#") -> # | BL41: =IF(D41="F",O41,"#") -> # | BP41: =IF(BA41="HMT",AJ41,"#") -> # | BQ41: =IF(BA41="HFT",AJ41,"#") -> # | BR41: =IF(BA41="DMT",AJ41,"#") -> # | BS41: =IF(BA41="DFT",AJ41,"#") -> # | BT41: =IF(BA41="HMNT",AJ41,"#") -> # | BU41: =IF(BA41="HFNT",AJ41,"#") -> # | BV41: =IF(BA41="DMNT",AJ41,"#") -> # | BW41: =IF(BA41="DFNT",AJ41,"#") -> # | BY41: =IF(BA41="HMT",O41,"#") -> # | BZ41: =IF(BA41="HFT",O41,"#") -> # | CA41: =IF(BA41="DMT",O41,"#") -> # | CB41: =IF(BA41="DFT",O41,"#") -> # | CC41: =IF(BA41="HMNT",O41,"#") -> # | CD41: =IF(BA41="HFNT",O41,"#") -> # | CE41: =IF(BA41="DMNT",O41,"#") -> # | CF41: =IF(BA41="DFNT",O41,"#") -> # | CG41: =IF(D41="M",O41,"#") -> # | CH41: =IF(D41="F",O41,"#") -> # | CK41: =IF(W41=0,"EEP,"," ") | CL41: =IF(X41=0,"POC,"," ") | CM41: =IF(Y41=0,"DAV,"," ") | CN41: =IF(Z41=0,"EP,"," ") | CO41: =IF(AA41=0,"MAD,"," ") | CP41: =IF(AB41=0,"CCP,"," ") | CQ41: =IF(AC41=0,"UIUX,"," ") | CR41: =IF(AD41=0,"DEV,"," ") | CT41: =O41 -> 0 | CU41: =A41 -> 34 | CV41: =B41 -> 24IT0034 | CW41: =C41 -> E NITHYAPRABHA | CX41: =CONCATENATE(CK41,CL41,CM41,CN41,CO41,CP41,CQ41,CR41,CS41) | CY41: =CT41 -> 0 | DA41: =IF(E41="H",O41,"#") -> # | DB41: =IF(E41="D",O41,"#") -> 0
A42: 35 | B42: 24IT0035 | C42: E T VENDHAN | D42: M | E42: H | G42: O | H42: A | I42: A+ | J42: A+ | K42: A | L42: A | M42: O | N42: A | O42: =COUNTIF(G42:N42,"U")+COUNTIF(G42:N42,"UA")+COUNTIF(G42:N42,"WH") -> 0 | Q42: =AH42 -> 23 | R42: 8.48 | V42: T | W42: =IF(G42="O",10,IF(G42="A+",9,IF(G42="A",8,IF(G42="B+",7,IF(G42="B",6,IF(G42="C",5,IF(G42="RA",0,IF(G42="U",0,IF(G42="UA",0,0))))))))) -> 10 | X42: =IF(H42="O",10,IF(H42="A+",9,IF(H42="A",8,IF(H42="B+",7,IF(H42="B",6,IF(H42="C",5,IF(H42="RA",0,IF(H42="U",0,IF(H42="UA",0,0))))))))) -> 8 | Y42: =IF(I42="O",10,IF(I42="A+",9,IF(I42="A",8,IF(I42="B+",7,IF(I42="B",6,IF(I42="C",5,IF(I42="RA",0,IF(I42="U",0,IF(I42="UA",0,0))))))))) -> 9 | Z42: =IF(J42="O",10,IF(J42="A+",9,IF(J42="A",8,IF(J42="B+",7,IF(J42="B",6,IF(J42="C",5,IF(J42="RA",0,IF(J42="U",0,IF(J42="UA",0,0))))))))) -> 9 | AA42: =IF(K42="O",10,IF(K42="A+",9,IF(K42="A",8,IF(K42="B+",7,IF(K42="B",6,IF(K42="C",5,IF(K42="RA",0,IF(K42="U",0,IF(K42="UA",0,0))))))))) -> 8 | AB42: =IF(L42="O",10,IF(L42="A+",9,IF(L42="A",8,IF(L42="B+",7,IF(L42="B",6,IF(L42="C",5,IF(L42="RA",0,IF(L42="U",0,IF(L42="UA",0,0))))))))) -> 8 | AC42: =IF(M42="O",10,IF(M42="A+",9,IF(M42="A",8,IF(M42="B+",7,IF(M42="B",6,IF(M42="C",5,IF(M42="RA",0,IF(M42="U",0,IF(M42="UA",0,0))))))))) -> 10 | AD42: =IF(N42="O",10,IF(N42="A+",9,IF(N42="A",8,IF(N42="B+",7,IF(N42="B",6,IF(N42="C",5,IF(N42="RA",0,IF(N42="U",0,IF(N42="UA",0,0))))))))) -> 8 | AG42: =(W42*W$7)+(X42*X$7)+(Y42*Y$7)+(Z42*Z$7)+(AA42*AA$7)+(AB42*AB$7)+(AC42*AC$7)+(AD42*AD$7) -> 200 | AH42: =IF(W42=0,0,W$7)+IF(X42=0,0,X$7)+IF(Y42=0,0,Y$7)+IF(Z42=0,0,Z$7)+IF(AA42=0,0,AA$7)+IF(AB42=0,0,AB$7)+IF(AC42=0,0,AC$7)+IF(AD42=0,0,AD$7) -> 23 | AI42: =IF(AH42=0,0,AG42/AH42) -> 8.6956522 | AJ42: =IF(AH42=23,"P","F") -> P | AK42: =IF(F42>179,1,0) -> 0 | AL42: =IF(F42>159,1,0)-AK42 -> 0 | AM42: =IF(F42>139,1,0)-(AK42+AL42) -> 0 | AN42: =IF(F42>119,1,0)-(AK42+AL42+AM42) -> 0 | AO42: =IF(F42>109,1,0)-(AK42+AL42+AM42+AN42) -> 0 | AP42: =IF(F42>=100,1,0)-(AK42+AL42+AM42+AN42+AO42) -> 0 | AQ42: =IF(F42<100,1,0) -> 1 | AS42: =IF(AK42=0,0,AJ42) -> 0 | AT42: =IF(AL42=0,0,AJ42) -> 0 | AU42: =IF(AM42=0,0,AJ42) -> 0 | AV42: =IF(AN42=0,0,AJ42) -> 0 | AW42: =IF(AO42=0,0,AJ42) -> 0 | AX42: =IF(AP42=0,0,AJ42) -> 0 | AY42: =IF(AQ42=0,0,AJ42) -> P | AZ42: =CONCATENATE(E42,D42) -> HM | BA42: =CONCATENATE(AZ42,V42) -> HMT | BB42: =IF(AZ42="HM",AJ42,"#") -> P | BC42: =IF(AZ42="HF",AJ42,"#") -> # | BD42: =IF(AZ42="DM",AJ42,"#") -> # | BE42: =IF(AZ42="DF",AJ42,"#") -> # | BG42: =IF(AZ42="HM",O42,"#") -> 0 | BH42: =IF(AZ42="HF",O42,"#") -> # | BI42: =IF(AZ42="DM",O42,"#") -> # | BJ42: =IF(AZ42="DF",O42,"#") -> # | BK42: =IF(D42="M",O42,"#") -> 0 | BL42: =IF(D42="F",O42,"#") -> # | BP42: =IF(BA42="HMT",AJ42,"#") -> P | BQ42: =IF(BA42="HFT",AJ42,"#") -> # | BR42: =IF(BA42="DMT",AJ42,"#") -> # | BS42: =IF(BA42="DFT",AJ42,"#") -> # | BT42: =IF(BA42="HMNT",AJ42,"#") -> # | BU42: =IF(BA42="HFNT",AJ42,"#") -> # | BV42: =IF(BA42="DMNT",AJ42,"#") -> # | BW42: =IF(BA42="DFNT",AJ42,"#") -> # | BY42: =IF(BA42="HMT",O42,"#") -> 0 | BZ42: =IF(BA42="HFT",O42,"#") -> # | CA42: =IF(BA42="DMT",O42,"#") -> # | CB42: =IF(BA42="DFT",O42,"#") -> # | CC42: =IF(BA42="HMNT",O42,"#") -> # | CD42: =IF(BA42="HFNT",O42,"#") -> # | CE42: =IF(BA42="DMNT",O42,"#") -> # | CF42: =IF(BA42="DFNT",O42,"#") -> # | CG42: =IF(D42="M",O42,"#") -> 0 | CH42: =IF(D42="F",O42,"#") -> # | CK42: =IF(W42=0,"EEP,"," ") | CL42: =IF(X42=0,"POC,"," ") | CM42: =IF(Y42=0,"DAV,"," ") | CN42: =IF(Z42=0,"EP,"," ") | CO42: =IF(AA42=0,"MAD,"," ") | CP42: =IF(AB42=0,"CCP,"," ") | CQ42: =IF(AC42=0,"UIUX,"," ") | CR42: =IF(AD42=0,"DEV,"," ") | CT42: =O42 -> 0 | CU42: =A42 -> 35 | CV42: =B42 -> 24IT0035 | CW42: =C42 -> E T VENDHAN | CX42: =CONCATENATE(CK42,CL42,CM42,CN42,CO42,CP42,CQ42,CR42,CS42) | CY42: =CT42 -> 0 | DA42: =IF(E42="H",O42,"#") -> 0 | DB42: =IF(E42="D",O42,"#") -> #
A43: 36 | B43: 24IT0036 | C43: FALEESHA ZAEEN ZARSHAD | E43: D | G43: O | H43: A+ | I43: O | J43: A+ | K43: O | L43: A+ | M43: O | N43: A | O43: =COUNTIF(G43:N43,"U")+COUNTIF(G43:N43,"UA")+COUNTIF(G43:N43,"WH") -> 0 | Q43: =AH43 -> 23 | R43: 9.24 | V43: T | W43: =IF(G43="O",10,IF(G43="A+",9,IF(G43="A",8,IF(G43="B+",7,IF(G43="B",6,IF(G43="C",5,IF(G43="RA",0,IF(G43="U",0,IF(G43="UA",0,0))))))))) -> 10 | X43: =IF(H43="O",10,IF(H43="A+",9,IF(H43="A",8,IF(H43="B+",7,IF(H43="B",6,IF(H43="C",5,IF(H43="RA",0,IF(H43="U",0,IF(H43="UA",0,0))))))))) -> 9 | Y43: =IF(I43="O",10,IF(I43="A+",9,IF(I43="A",8,IF(I43="B+",7,IF(I43="B",6,IF(I43="C",5,IF(I43="RA",0,IF(I43="U",0,IF(I43="UA",0,0))))))))) -> 10 | Z43: =IF(J43="O",10,IF(J43="A+",9,IF(J43="A",8,IF(J43="B+",7,IF(J43="B",6,IF(J43="C",5,IF(J43="RA",0,IF(J43="U",0,IF(J43="UA",0,0))))))))) -> 9 | AA43: =IF(K43="O",10,IF(K43="A+",9,IF(K43="A",8,IF(K43="B+",7,IF(K43="B",6,IF(K43="C",5,IF(K43="RA",0,IF(K43="U",0,IF(K43="UA",0,0))))))))) -> 10 | AB43: =IF(L43="O",10,IF(L43="A+",9,IF(L43="A",8,IF(L43="B+",7,IF(L43="B",6,IF(L43="C",5,IF(L43="RA",0,IF(L43="U",0,IF(L43="UA",0,0))))))))) -> 9 | AC43: =IF(M43="O",10,IF(M43="A+",9,IF(M43="A",8,IF(M43="B+",7,IF(M43="B",6,IF(M43="C",5,IF(M43="RA",0,IF(M43="U",0,IF(M43="UA",0,0))))))))) -> 10 | AD43: =IF(N43="O",10,IF(N43="A+",9,IF(N43="A",8,IF(N43="B+",7,IF(N43="B",6,IF(N43="C",5,IF(N43="RA",0,IF(N43="U",0,IF(N43="UA",0,0))))))))) -> 8 | AG43: =(W43*W$7)+(X43*X$7)+(Y43*Y$7)+(Z43*Z$7)+(AA43*AA$7)+(AB43*AB$7)+(AC43*AC$7)+(AD43*AD$7) -> 215 | AH43: =IF(W43=0,0,W$7)+IF(X43=0,0,X$7)+IF(Y43=0,0,Y$7)+IF(Z43=0,0,Z$7)+IF(AA43=0,0,AA$7)+IF(AB43=0,0,AB$7)+IF(AC43=0,0,AC$7)+IF(AD43=0,0,AD$7) -> 23 | AI43: =IF(AH43=0,0,AG43/AH43) -> 9.3478261 | AJ43: =IF(AH43=23,"P","F") -> P | AK43: =IF(F43>179,1,0) -> 0 | AL43: =IF(F43>159,1,0)-AK43 -> 0 | AM43: =IF(F43>139,1,0)-(AK43+AL43) -> 0 | AN43: =IF(F43>119,1,0)-(AK43+AL43+AM43) -> 0 | AO43: =IF(F43>109,1,0)-(AK43+AL43+AM43+AN43) -> 0 | AP43: =IF(F43>=100,1,0)-(AK43+AL43+AM43+AN43+AO43) -> 0 | AQ43: =IF(F43<100,1,0) -> 1 | AS43: =IF(AK43=0,0,AJ43) -> 0 | AT43: =IF(AL43=0,0,AJ43) -> 0 | AU43: =IF(AM43=0,0,AJ43) -> 0 | AV43: =IF(AN43=0,0,AJ43) -> 0 | AW43: =IF(AO43=0,0,AJ43) -> 0 | AX43: =IF(AP43=0,0,AJ43) -> 0 | AY43: =IF(AQ43=0,0,AJ43) -> P | AZ43: =CONCATENATE(E43,D43) -> D | BA43: =CONCATENATE(AZ43,V43) -> DT | BB43: =IF(AZ43="HM",AJ43,"#") -> # | BC43: =IF(AZ43="HF",AJ43,"#") -> # | BD43: =IF(AZ43="DM",AJ43,"#") -> # | BE43: =IF(AZ43="DF",AJ43,"#") -> # | BG43: =IF(AZ43="HM",O43,"#") -> # | BH43: =IF(AZ43="HF",O43,"#") -> # | BI43: =IF(AZ43="DM",O43,"#") -> # | BJ43: =IF(AZ43="DF",O43,"#") -> # | BK43: =IF(D43="M",O43,"#") -> # | BL43: =IF(D43="F",O43,"#") -> # | BP43: =IF(BA43="HMT",AJ43,"#") -> # | BQ43: =IF(BA43="HFT",AJ43,"#") -> # | BR43: =IF(BA43="DMT",AJ43,"#") -> # | BS43: =IF(BA43="DFT",AJ43,"#") -> # | BT43: =IF(BA43="HMNT",AJ43,"#") -> # | BU43: =IF(BA43="HFNT",AJ43,"#") -> # | BV43: =IF(BA43="DMNT",AJ43,"#") -> # | BW43: =IF(BA43="DFNT",AJ43,"#") -> # | BY43: =IF(BA43="HMT",O43,"#") -> # | BZ43: =IF(BA43="HFT",O43,"#") -> # | CA43: =IF(BA43="DMT",O43,"#") -> # | CB43: =IF(BA43="DFT",O43,"#") -> # | CC43: =IF(BA43="HMNT",O43,"#") -> # | CD43: =IF(BA43="HFNT",O43,"#") -> # | CE43: =IF(BA43="DMNT",O43,"#") -> # | CF43: =IF(BA43="DFNT",O43,"#") -> # | CG43: =IF(D43="M",O43,"#") -> # | CH43: =IF(D43="F",O43,"#") -> # | CK43: =IF(W43=0,"EEP,"," ") | CL43: =IF(X43=0,"POC,"," ") | CM43: =IF(Y43=0,"DAV,"," ") | CN43: =IF(Z43=0,"EP,"," ") | CO43: =IF(AA43=0,"MAD,"," ") | CP43: =IF(AB43=0,"CCP,"," ") | CQ43: =IF(AC43=0,"UIUX,"," ") | CR43: =IF(AD43=0,"DEV,"," ") | CT43: =O43 -> 0 | CU43: =A43 -> 36 | CV43: =B43 -> 24IT0036 | CW43: =C43 -> FALEESHA ZAEEN ZARSHAD | CX43: =CONCATENATE(CK43,CL43,CM43,CN43,CO43,CP43,CQ43,CR43,CS43) | CY43: =CT43 -> 0 | DA43: =IF(E43="H",O43,"#") -> # | DB43: =IF(E43="D",O43,"#") -> 0
A44: 37 | B44: 24IT0037 | C44: GAYATHRI P | E44: H | G44: O | H44: A | I44: A | J44: A+ | K44: A+ | L44: B+ | M44: O | N44: B+ | O44: =COUNTIF(G44:N44,"U")+COUNTIF(G44:N44,"UA")+COUNTIF(G44:N44,"WH") -> 0 | Q44: =AH44 -> 23 | R44: 8.16 | V44: T | W44: =IF(G44="O",10,IF(G44="A+",9,IF(G44="A",8,IF(G44="B+",7,IF(G44="B",6,IF(G44="C",5,IF(G44="RA",0,IF(G44="U",0,IF(G44="UA",0,0))))))))) -> 10 | X44: =IF(H44="O",10,IF(H44="A+",9,IF(H44="A",8,IF(H44="B+",7,IF(H44="B",6,IF(H44="C",5,IF(H44="RA",0,IF(H44="U",0,IF(H44="UA",0,0))))))))) -> 8 | Y44: =IF(I44="O",10,IF(I44="A+",9,IF(I44="A",8,IF(I44="B+",7,IF(I44="B",6,IF(I44="C",5,IF(I44="RA",0,IF(I44="U",0,IF(I44="UA",0,0))))))))) -> 8 | Z44: =IF(J44="O",10,IF(J44="A+",9,IF(J44="A",8,IF(J44="B+",7,IF(J44="B",6,IF(J44="C",5,IF(J44="RA",0,IF(J44="U",0,IF(J44="UA",0,0))))))))) -> 9 | AA44: =IF(K44="O",10,IF(K44="A+",9,IF(K44="A",8,IF(K44="B+",7,IF(K44="B",6,IF(K44="C",5,IF(K44="RA",0,IF(K44="U",0,IF(K44="UA",0,0))))))))) -> 9 | AB44: =IF(L44="O",10,IF(L44="A+",9,IF(L44="A",8,IF(L44="B+",7,IF(L44="B",6,IF(L44="C",5,IF(L44="RA",0,IF(L44="U",0,IF(L44="UA",0,0))))))))) -> 7 | AC44: =IF(M44="O",10,IF(M44="A+",9,IF(M44="A",8,IF(M44="B+",7,IF(M44="B",6,IF(M44="C",5,IF(M44="RA",0,IF(M44="U",0,IF(M44="UA",0,0))))))))) -> 10 | AD44: =IF(N44="O",10,IF(N44="A+",9,IF(N44="A",8,IF(N44="B+",7,IF(N44="B",6,IF(N44="C",5,IF(N44="RA",0,IF(N44="U",0,IF(N44="UA",0,0))))))))) -> 7 | AG44: =(W44*W$7)+(X44*X$7)+(Y44*Y$7)+(Z44*Z$7)+(AA44*AA$7)+(AB44*AB$7)+(AC44*AC$7)+(AD44*AD$7) -> 195 | AH44: =IF(W44=0,0,W$7)+IF(X44=0,0,X$7)+IF(Y44=0,0,Y$7)+IF(Z44=0,0,Z$7)+IF(AA44=0,0,AA$7)+IF(AB44=0,0,AB$7)+IF(AC44=0,0,AC$7)+IF(AD44=0,0,AD$7) -> 23 | AI44: =IF(AH44=0,0,AG44/AH44) -> 8.4782609 | AJ44: =IF(AH44=23,"P","F") -> P | AK44: =IF(F44>179,1,0) -> 0 | AL44: =IF(F44>159,1,0)-AK44 -> 0 | AM44: =IF(F44>139,1,0)-(AK44+AL44) -> 0 | AN44: =IF(F44>119,1,0)-(AK44+AL44+AM44) -> 0 | AO44: =IF(F44>109,1,0)-(AK44+AL44+AM44+AN44) -> 0 | AP44: =IF(F44>=100,1,0)-(AK44+AL44+AM44+AN44+AO44) -> 0 | AQ44: =IF(F44<100,1,0) -> 1 | AS44: =IF(AK44=0,0,AJ44) -> 0 | AT44: =IF(AL44=0,0,AJ44) -> 0 | AU44: =IF(AM44=0,0,AJ44) -> 0 | AV44: =IF(AN44=0,0,AJ44) -> 0 | AW44: =IF(AO44=0,0,AJ44) -> 0 | AX44: =IF(AP44=0,0,AJ44) -> 0 | AY44: =IF(AQ44=0,0,AJ44) -> P | AZ44: =CONCATENATE(E44,D44) -> H | BA44: =CONCATENATE(AZ44,V44) -> HT | BB44: =IF(AZ44="HM",AJ44,"#") -> # | BC44: =IF(AZ44="HF",AJ44,"#") -> # | BD44: =IF(AZ44="DM",AJ44,"#") -> # | BE44: =IF(AZ44="DF",AJ44,"#") -> # | BG44: =IF(AZ44="HM",O44,"#") -> # | BH44: =IF(AZ44="HF",O44,"#") -> # | BI44: =IF(AZ44="DM",O44,"#") -> # | BJ44: =IF(AZ44="DF",O44,"#") -> # | BK44: =IF(D44="M",O44,"#") -> # | BL44: =IF(D44="F",O44,"#") -> # | BP44: =IF(BA44="HMT",AJ44,"#") -> # | BQ44: =IF(BA44="HFT",AJ44,"#") -> # | BR44: =IF(BA44="DMT",AJ44,"#") -> # | BS44: =IF(BA44="DFT",AJ44,"#") -> # | BT44: =IF(BA44="HMNT",AJ44,"#") -> # | BU44: =IF(BA44="HFNT",AJ44,"#") -> # | BV44: =IF(BA44="DMNT",AJ44,"#") -> # | BW44: =IF(BA44="DFNT",AJ44,"#") -> # | BY44: =IF(BA44="HMT",O44,"#") -> # | BZ44: =IF(BA44="HFT",O44,"#") -> # | CA44: =IF(BA44="DMT",O44,"#") -> # | CB44: =IF(BA44="DFT",O44,"#") -> # | CC44: =IF(BA44="HMNT",O44,"#") -> # | CD44: =IF(BA44="HFNT",O44,"#") -> # | CE44: =IF(BA44="DMNT",O44,"#") -> # | CF44: =IF(BA44="DFNT",O44,"#") -> # | CG44: =IF(D44="M",O44,"#") -> # | CH44: =IF(D44="F",O44,"#") -> # | CK44: =IF(W44=0,"EEP,"," ") | CL44: =IF(X44=0,"POC,"," ") | CM44: =IF(Y44=0,"DAV,"," ") | CN44: =IF(Z44=0,"EP,"," ") | CO44: =IF(AA44=0,"MAD,"," ") | CP44: =IF(AB44=0,"CCP,"," ") | CQ44: =IF(AC44=0,"UIUX,"," ") | CR44: =IF(AD44=0,"DEV,"," ") | CT44: =O44 -> 0 | CU44: =A44 -> 37 | CV44: =B44 -> 24IT0037 | CW44: =C44 -> GAYATHRI P | CX44: =CONCATENATE(CK44,CL44,CM44,CN44,CO44,CP44,CQ44,CR44,CS44) | CY44: =CT44 -> 0 | DA44: =IF(E44="H",O44,"#") -> 0 | DB44: =IF(E44="D",O44,"#") -> #
A45: 38 | B45: 24IT0038 | C45: GEETHAPRIYA T | E45: D | G45: O | H45: A+ | I45: O | J45: A+ | K45: O | L45: A | M45: O | N45: A | O45: =COUNTIF(G45:N45,"U")+COUNTIF(G45:N45,"UA")+COUNTIF(G45:N45,"WH") -> 0 | Q45: =AH45 -> 23 | R45: 9.08 | V45: T | W45: =IF(G45="O",10,IF(G45="A+",9,IF(G45="A",8,IF(G45="B+",7,IF(G45="B",6,IF(G45="C",5,IF(G45="RA",0,IF(G45="U",0,IF(G45="UA",0,0))))))))) -> 10 | X45: =IF(H45="O",10,IF(H45="A+",9,IF(H45="A",8,IF(H45="B+",7,IF(H45="B",6,IF(H45="C",5,IF(H45="RA",0,IF(H45="U",0,IF(H45="UA",0,0))))))))) -> 9 | Y45: =IF(I45="O",10,IF(I45="A+",9,IF(I45="A",8,IF(I45="B+",7,IF(I45="B",6,IF(I45="C",5,IF(I45="RA",0,IF(I45="U",0,IF(I45="UA",0,0))))))))) -> 10 | Z45: =IF(J45="O",10,IF(J45="A+",9,IF(J45="A",8,IF(J45="B+",7,IF(J45="B",6,IF(J45="C",5,IF(J45="RA",0,IF(J45="U",0,IF(J45="UA",0,0))))))))) -> 9 | AA45: =IF(K45="O",10,IF(K45="A+",9,IF(K45="A",8,IF(K45="B+",7,IF(K45="B",6,IF(K45="C",5,IF(K45="RA",0,IF(K45="U",0,IF(K45="UA",0,0))))))))) -> 10 | AB45: =IF(L45="O",10,IF(L45="A+",9,IF(L45="A",8,IF(L45="B+",7,IF(L45="B",6,IF(L45="C",5,IF(L45="RA",0,IF(L45="U",0,IF(L45="UA",0,0))))))))) -> 8 | AC45: =IF(M45="O",10,IF(M45="A+",9,IF(M45="A",8,IF(M45="B+",7,IF(M45="B",6,IF(M45="C",5,IF(M45="RA",0,IF(M45="U",0,IF(M45="UA",0,0))))))))) -> 10 | AD45: =IF(N45="O",10,IF(N45="A+",9,IF(N45="A",8,IF(N45="B+",7,IF(N45="B",6,IF(N45="C",5,IF(N45="RA",0,IF(N45="U",0,IF(N45="UA",0,0))))))))) -> 8 | AG45: =(W45*W$7)+(X45*X$7)+(Y45*Y$7)+(Z45*Z$7)+(AA45*AA$7)+(AB45*AB$7)+(AC45*AC$7)+(AD45*AD$7) -> 214 | AH45: =IF(W45=0,0,W$7)+IF(X45=0,0,X$7)+IF(Y45=0,0,Y$7)+IF(Z45=0,0,Z$7)+IF(AA45=0,0,AA$7)+IF(AB45=0,0,AB$7)+IF(AC45=0,0,AC$7)+IF(AD45=0,0,AD$7) -> 23 | AI45: =IF(AH45=0,0,AG45/AH45) -> 9.3043478 | AJ45: =IF(AH45=23,"P","F") -> P | AK45: =IF(F45>179,1,0) -> 0 | AL45: =IF(F45>159,1,0)-AK45 -> 0 | AM45: =IF(F45>139,1,0)-(AK45+AL45) -> 0 | AN45: =IF(F45>119,1,0)-(AK45+AL45+AM45) -> 0 | AO45: =IF(F45>109,1,0)-(AK45+AL45+AM45+AN45) -> 0 | AP45: =IF(F45>=100,1,0)-(AK45+AL45+AM45+AN45+AO45) -> 0 | AQ45: =IF(F45<100,1,0) -> 1 | AS45: =IF(AK45=0,0,AJ45) -> 0 | AT45: =IF(AL45=0,0,AJ45) -> 0 | AU45: =IF(AM45=0,0,AJ45) -> 0 | AV45: =IF(AN45=0,0,AJ45) -> 0 | AW45: =IF(AO45=0,0,AJ45) -> 0 | AX45: =IF(AP45=0,0,AJ45) -> 0 | AY45: =IF(AQ45=0,0,AJ45) -> P | AZ45: =CONCATENATE(E45,D45) -> D | BA45: =CONCATENATE(AZ45,V45) -> DT | BB45: =IF(AZ45="HM",AJ45,"#") -> # | BC45: =IF(AZ45="HF",AJ45,"#") -> # | BD45: =IF(AZ45="DM",AJ45,"#") -> # | BE45: =IF(AZ45="DF",AJ45,"#") -> # | BG45: =IF(AZ45="HM",O45,"#") -> # | BH45: =IF(AZ45="HF",O45,"#") -> # | BI45: =IF(AZ45="DM",O45,"#") -> # | BJ45: =IF(AZ45="DF",O45,"#") -> # | BK45: =IF(D45="M",O45,"#") -> # | BL45: =IF(D45="F",O45,"#") -> # | BP45: =IF(BA45="HMT",AJ45,"#") -> # | BQ45: =IF(BA45="HFT",AJ45,"#") -> # | BR45: =IF(BA45="DMT",AJ45,"#") -> # | BS45: =IF(BA45="DFT",AJ45,"#") -> # | BT45: =IF(BA45="HMNT",AJ45,"#") -> # | BU45: =IF(BA45="HFNT",AJ45,"#") -> # | BV45: =IF(BA45="DMNT",AJ45,"#") -> # | BW45: =IF(BA45="DFNT",AJ45,"#") -> # | BY45: =IF(BA45="HMT",O45,"#") -> # | BZ45: =IF(BA45="HFT",O45,"#") -> # | CA45: =IF(BA45="DMT",O45,"#") -> # | CB45: =IF(BA45="DFT",O45,"#") -> # | CC45: =IF(BA45="HMNT",O45,"#") -> # | CD45: =IF(BA45="HFNT",O45,"#") -> # | CE45: =IF(BA45="DMNT",O45,"#") -> # | CF45: =IF(BA45="DFNT",O45,"#") -> # | CG45: =IF(D45="M",O45,"#") -> # | CH45: =IF(D45="F",O45,"#") -> # | CK45: =IF(W45=0,"EEP,"," ") | CL45: =IF(X45=0,"POC,"," ") | CM45: =IF(Y45=0,"DAV,"," ") | CN45: =IF(Z45=0,"EP,"," ") | CO45: =IF(AA45=0,"MAD,"," ") | CP45: =IF(AB45=0,"CCP,"," ") | CQ45: =IF(AC45=0,"UIUX,"," ") | CR45: =IF(AD45=0,"DEV,"," ") | CT45: =O45 -> 0 | CU45: =A45 -> 38 | CV45: =B45 -> 24IT0038 | CW45: =C45 -> GEETHAPRIYA T | CX45: =CONCATENATE(CK45,CL45,CM45,CN45,CO45,CP45,CQ45,CR45,CS45) | CY45: =CT45 -> 0 | DA45: =IF(E45="H",O45,"#") -> # | DB45: =IF(E45="D",O45,"#") -> 0
A46: 39 | B46: 24IT0039 | C46: GOKUL G | D46: M | E46: D | G46: O | H46: B+ | I46: B+ | J46: A | K46: A | L46: B | M46: O | N46: B+ | O46: =COUNTIF(G46:N46,"U")+COUNTIF(G46:N46,"UA")+COUNTIF(G46:N46,"WH") -> 0 | Q46: =AH46 -> 23 | R46: 7.4 | V46: T | W46: =IF(G46="O",10,IF(G46="A+",9,IF(G46="A",8,IF(G46="B+",7,IF(G46="B",6,IF(G46="C",5,IF(G46="RA",0,IF(G46="U",0,IF(G46="UA",0,0))))))))) -> 10 | X46: =IF(H46="O",10,IF(H46="A+",9,IF(H46="A",8,IF(H46="B+",7,IF(H46="B",6,IF(H46="C",5,IF(H46="RA",0,IF(H46="U",0,IF(H46="UA",0,0))))))))) -> 7 | Y46: =IF(I46="O",10,IF(I46="A+",9,IF(I46="A",8,IF(I46="B+",7,IF(I46="B",6,IF(I46="C",5,IF(I46="RA",0,IF(I46="U",0,IF(I46="UA",0,0))))))))) -> 7 | Z46: =IF(J46="O",10,IF(J46="A+",9,IF(J46="A",8,IF(J46="B+",7,IF(J46="B",6,IF(J46="C",5,IF(J46="RA",0,IF(J46="U",0,IF(J46="UA",0,0))))))))) -> 8 | AA46: =IF(K46="O",10,IF(K46="A+",9,IF(K46="A",8,IF(K46="B+",7,IF(K46="B",6,IF(K46="C",5,IF(K46="RA",0,IF(K46="U",0,IF(K46="UA",0,0))))))))) -> 8 | AB46: =IF(L46="O",10,IF(L46="A+",9,IF(L46="A",8,IF(L46="B+",7,IF(L46="B",6,IF(L46="C",5,IF(L46="RA",0,IF(L46="U",0,IF(L46="UA",0,0))))))))) -> 6 | AC46: =IF(M46="O",10,IF(M46="A+",9,IF(M46="A",8,IF(M46="B+",7,IF(M46="B",6,IF(M46="C",5,IF(M46="RA",0,IF(M46="U",0,IF(M46="UA",0,0))))))))) -> 10 | AD46: =IF(N46="O",10,IF(N46="A+",9,IF(N46="A",8,IF(N46="B+",7,IF(N46="B",6,IF(N46="C",5,IF(N46="RA",0,IF(N46="U",0,IF(N46="UA",0,0))))))))) -> 7 | AG46: =(W46*W$7)+(X46*X$7)+(Y46*Y$7)+(Z46*Z$7)+(AA46*AA$7)+(AB46*AB$7)+(AC46*AC$7)+(AD46*AD$7) -> 179 | AH46: =IF(W46=0,0,W$7)+IF(X46=0,0,X$7)+IF(Y46=0,0,Y$7)+IF(Z46=0,0,Z$7)+IF(AA46=0,0,AA$7)+IF(AB46=0,0,AB$7)+IF(AC46=0,0,AC$7)+IF(AD46=0,0,AD$7) -> 23 | AI46: =IF(AH46=0,0,AG46/AH46) -> 7.7826087 | AJ46: =IF(AH46=23,"P","F") -> P | AK46: =IF(F46>179,1,0) -> 0 | AL46: =IF(F46>159,1,0)-AK46 -> 0 | AM46: =IF(F46>139,1,0)-(AK46+AL46) -> 0 | AN46: =IF(F46>119,1,0)-(AK46+AL46+AM46) -> 0 | AO46: =IF(F46>109,1,0)-(AK46+AL46+AM46+AN46) -> 0 | AP46: =IF(F46>=100,1,0)-(AK46+AL46+AM46+AN46+AO46) -> 0 | AQ46: =IF(F46<100,1,0) -> 1 | AS46: =IF(AK46=0,0,AJ46) -> 0 | AT46: =IF(AL46=0,0,AJ46) -> 0 | AU46: =IF(AM46=0,0,AJ46) -> 0 | AV46: =IF(AN46=0,0,AJ46) -> 0 | AW46: =IF(AO46=0,0,AJ46) -> 0 | AX46: =IF(AP46=0,0,AJ46) -> 0 | AY46: =IF(AQ46=0,0,AJ46) -> P | AZ46: =CONCATENATE(E46,D46) -> DM | BA46: =CONCATENATE(AZ46,V46) -> DMT | BB46: =IF(AZ46="HM",AJ46,"#") -> # | BC46: =IF(AZ46="HF",AJ46,"#") -> # | BD46: =IF(AZ46="DM",AJ46,"#") -> P | BE46: =IF(AZ46="DF",AJ46,"#") -> # | BG46: =IF(AZ46="HM",O46,"#") -> # | BH46: =IF(AZ46="HF",O46,"#") -> # | BI46: =IF(AZ46="DM",O46,"#") -> 0 | BJ46: =IF(AZ46="DF",O46,"#") -> # | BK46: =IF(D46="M",O46,"#") -> 0 | BL46: =IF(D46="F",O46,"#") -> # | BP46: =IF(BA46="HMT",AJ46,"#") -> # | BQ46: =IF(BA46="HFT",AJ46,"#") -> # | BR46: =IF(BA46="DMT",AJ46,"#") -> P | BS46: =IF(BA46="DFT",AJ46,"#") -> # | BT46: =IF(BA46="HMNT",AJ46,"#") -> # | BU46: =IF(BA46="HFNT",AJ46,"#") -> # | BV46: =IF(BA46="DMNT",AJ46,"#") -> # | BW46: =IF(BA46="DFNT",AJ46,"#") -> # | BY46: =IF(BA46="HMT",O46,"#") -> # | BZ46: =IF(BA46="HFT",O46,"#") -> # | CA46: =IF(BA46="DMT",O46,"#") -> 0 | CB46: =IF(BA46="DFT",O46,"#") -> # | CC46: =IF(BA46="HMNT",O46,"#") -> # | CD46: =IF(BA46="HFNT",O46,"#") -> # | CE46: =IF(BA46="DMNT",O46,"#") -> # | CF46: =IF(BA46="DFNT",O46,"#") -> # | CG46: =IF(D46="M",O46,"#") -> 0 | CH46: =IF(D46="F",O46,"#") -> # | CK46: =IF(W46=0,"EEP,"," ") | CL46: =IF(X46=0,"POC,"," ") | CM46: =IF(Y46=0,"DAV,"," ") | CN46: =IF(Z46=0,"EP,"," ") | CO46: =IF(AA46=0,"MAD,"," ") | CP46: =IF(AB46=0,"CCP,"," ") | CQ46: =IF(AC46=0,"UIUX,"," ") | CR46: =IF(AD46=0,"DEV,"," ") | CT46: =O46 -> 0 | CU46: =A46 -> 39 | CV46: =B46 -> 24IT0039 | CW46: =C46 -> GOKUL G | CX46: =CONCATENATE(CK46,CL46,CM46,CN46,CO46,CP46,CQ46,CR46,CS46) | CY46: =CT46 -> 0 | DA46: =IF(E46="H",O46,"#") -> # | DB46: =IF(E46="D",O46,"#") -> 0
A47: 40 | B47: 24IT0040 | C47: GUNASEKARAN SARANYA | D47: F | E47: H | G47: O | H47: A | I47: A+ | J47: A+ | K47: A+ | L47: A | M47: O | N47: B+ | O47: =COUNTIF(G47:N47,"U")+COUNTIF(G47:N47,"UA")+COUNTIF(G47:N47,"WH") -> 0 | Q47: =AH47 -> 23 | R47: 8.48 | V47: T | W47: =IF(G47="O",10,IF(G47="A+",9,IF(G47="A",8,IF(G47="B+",7,IF(G47="B",6,IF(G47="C",5,IF(G47="RA",0,IF(G47="U",0,IF(G47="UA",0,0))))))))) -> 10 | X47: =IF(H47="O",10,IF(H47="A+",9,IF(H47="A",8,IF(H47="B+",7,IF(H47="B",6,IF(H47="C",5,IF(H47="RA",0,IF(H47="U",0,IF(H47="UA",0,0))))))))) -> 8 | Y47: =IF(I47="O",10,IF(I47="A+",9,IF(I47="A",8,IF(I47="B+",7,IF(I47="B",6,IF(I47="C",5,IF(I47="RA",0,IF(I47="U",0,IF(I47="UA",0,0))))))))) -> 9 | Z47: =IF(J47="O",10,IF(J47="A+",9,IF(J47="A",8,IF(J47="B+",7,IF(J47="B",6,IF(J47="C",5,IF(J47="RA",0,IF(J47="U",0,IF(J47="UA",0,0))))))))) -> 9 | AA47: =IF(K47="O",10,IF(K47="A+",9,IF(K47="A",8,IF(K47="B+",7,IF(K47="B",6,IF(K47="C",5,IF(K47="RA",0,IF(K47="U",0,IF(K47="UA",0,0))))))))) -> 9 | AB47: =IF(L47="O",10,IF(L47="A+",9,IF(L47="A",8,IF(L47="B+",7,IF(L47="B",6,IF(L47="C",5,IF(L47="RA",0,IF(L47="U",0,IF(L47="UA",0,0))))))))) -> 8 | AC47: =IF(M47="O",10,IF(M47="A+",9,IF(M47="A",8,IF(M47="B+",7,IF(M47="B",6,IF(M47="C",5,IF(M47="RA",0,IF(M47="U",0,IF(M47="UA",0,0))))))))) -> 10 | AD47: =IF(N47="O",10,IF(N47="A+",9,IF(N47="A",8,IF(N47="B+",7,IF(N47="B",6,IF(N47="C",5,IF(N47="RA",0,IF(N47="U",0,IF(N47="UA",0,0))))))))) -> 7 | AG47: =(W47*W$7)+(X47*X$7)+(Y47*Y$7)+(Z47*Z$7)+(AA47*AA$7)+(AB47*AB$7)+(AC47*AC$7)+(AD47*AD$7) -> 200 | AH47: =IF(W47=0,0,W$7)+IF(X47=0,0,X$7)+IF(Y47=0,0,Y$7)+IF(Z47=0,0,Z$7)+IF(AA47=0,0,AA$7)+IF(AB47=0,0,AB$7)+IF(AC47=0,0,AC$7)+IF(AD47=0,0,AD$7) -> 23 | AI47: =IF(AH47=0,0,AG47/AH47) -> 8.6956522 | AJ47: =IF(AH47=23,"P","F") -> P | AK47: =IF(F47>179,1,0) -> 0 | AL47: =IF(F47>159,1,0)-AK47 -> 0 | AM47: =IF(F47>139,1,0)-(AK47+AL47) -> 0 | AN47: =IF(F47>119,1,0)-(AK47+AL47+AM47) -> 0 | AO47: =IF(F47>109,1,0)-(AK47+AL47+AM47+AN47) -> 0 | AP47: =IF(F47>=100,1,0)-(AK47+AL47+AM47+AN47+AO47) -> 0 | AQ47: =IF(F47<100,1,0) -> 1 | AS47: =IF(AK47=0,0,AJ47) -> 0 | AT47: =IF(AL47=0,0,AJ47) -> 0 | AU47: =IF(AM47=0,0,AJ47) -> 0 | AV47: =IF(AN47=0,0,AJ47) -> 0 | AW47: =IF(AO47=0,0,AJ47) -> 0 | AX47: =IF(AP47=0,0,AJ47) -> 0 | AY47: =IF(AQ47=0,0,AJ47) -> P | AZ47: =CONCATENATE(E47,D47) -> HF | BA47: =CONCATENATE(AZ47,V47) -> HFT | BB47: =IF(AZ47="HM",AJ47,"#") -> # | BC47: =IF(AZ47="HF",AJ47,"#") -> P | BD47: =IF(AZ47="DM",AJ47,"#") -> # | BE47: =IF(AZ47="DF",AJ47,"#") -> # | BG47: =IF(AZ47="HM",O47,"#") -> # | BH47: =IF(AZ47="HF",O47,"#") -> 0 | BI47: =IF(AZ47="DM",O47,"#") -> # | BJ47: =IF(AZ47="DF",O47,"#") -> # | BK47: =IF(D47="M",O47,"#") -> # | BL47: =IF(D47="F",O47,"#") -> 0 | BP47: =IF(BA47="HMT",AJ47,"#") -> # | BQ47: =IF(BA47="HFT",AJ47,"#") -> P | BR47: =IF(BA47="DMT",AJ47,"#") -> # | BS47: =IF(BA47="DFT",AJ47,"#") -> # | BT47: =IF(BA47="HMNT",AJ47,"#") -> # | BU47: =IF(BA47="HFNT",AJ47,"#") -> # | BV47: =IF(BA47="DMNT",AJ47,"#") -> # | BW47: =IF(BA47="DFNT",AJ47,"#") -> # | BY47: =IF(BA47="HMT",O47,"#") -> # | BZ47: =IF(BA47="HFT",O47,"#") -> 0 | CA47: =IF(BA47="DMT",O47,"#") -> # | CB47: =IF(BA47="DFT",O47,"#") -> # | CC47: =IF(BA47="HMNT",O47,"#") -> # | CD47: =IF(BA47="HFNT",O47,"#") -> # | CE47: =IF(BA47="DMNT",O47,"#") -> # | CF47: =IF(BA47="DFNT",O47,"#") -> # | CG47: =IF(D47="M",O47,"#") -> # | CH47: =IF(D47="F",O47,"#") -> 0 | CK47: =IF(W47=0,"EEP,"," ") | CL47: =IF(X47=0,"POC,"," ") | CM47: =IF(Y47=0,"DAV,"," ") | CN47: =IF(Z47=0,"EP,"," ") | CO47: =IF(AA47=0,"MAD,"," ") | CP47: =IF(AB47=0,"CCP,"," ") | CQ47: =IF(AC47=0,"UIUX,"," ") | CR47: =IF(AD47=0,"DEV,"," ") | CT47: =O47 -> 0 | CU47: =A47 -> 40 | CV47: =B47 -> 24IT0040 | CW47: =C47 -> GUNASEKARAN SARANYA | CX47: =CONCATENATE(CK47,CL47,CM47,CN47,CO47,CP47,CQ47,CR47,CS47) | CY47: =CT47 -> 0 | DA47: =IF(E47="H",O47,"#") -> 0 | DB47: =IF(E47="D",O47,"#") -> #
A48: 41 | B48: 24IT0041 | C48: HARI BHASKARAN R | D48: M | E48: H | G48: O | H48: A | I48: B+ | J48: RA | K48: B+ | L48: B | M48: O | N48: RA | O48: =COUNTIF(G48:N48,"U")+COUNTIF(G48:N48,"UA")+COUNTIF(G48:N48,"WH") -> 0 | Q48: =AH48 -> 16 | R48: 7.29 | V48: T | W48: =IF(G48="O",10,IF(G48="A+",9,IF(G48="A",8,IF(G48="B+",7,IF(G48="B",6,IF(G48="C",5,IF(G48="RA",0,IF(G48="U",0,IF(G48="UA",0,0))))))))) -> 10 | X48: =IF(H48="O",10,IF(H48="A+",9,IF(H48="A",8,IF(H48="B+",7,IF(H48="B",6,IF(H48="C",5,IF(H48="RA",0,IF(H48="U",0,IF(H48="UA",0,0))))))))) -> 8 | Y48: =IF(I48="O",10,IF(I48="A+",9,IF(I48="A",8,IF(I48="B+",7,IF(I48="B",6,IF(I48="C",5,IF(I48="RA",0,IF(I48="U",0,IF(I48="UA",0,0))))))))) -> 7 | Z48: =IF(J48="O",10,IF(J48="A+",9,IF(J48="A",8,IF(J48="B+",7,IF(J48="B",6,IF(J48="C",5,IF(J48="RA",0,IF(J48="U",0,IF(J48="UA",0,0))))))))) -> 0 | AA48: =IF(K48="O",10,IF(K48="A+",9,IF(K48="A",8,IF(K48="B+",7,IF(K48="B",6,IF(K48="C",5,IF(K48="RA",0,IF(K48="U",0,IF(K48="UA",0,0))))))))) -> 7 | AB48: =IF(L48="O",10,IF(L48="A+",9,IF(L48="A",8,IF(L48="B+",7,IF(L48="B",6,IF(L48="C",5,IF(L48="RA",0,IF(L48="U",0,IF(L48="UA",0,0))))))))) -> 6 | AC48: =IF(M48="O",10,IF(M48="A+",9,IF(M48="A",8,IF(M48="B+",7,IF(M48="B",6,IF(M48="C",5,IF(M48="RA",0,IF(M48="U",0,IF(M48="UA",0,0))))))))) -> 10 | AD48: =IF(N48="O",10,IF(N48="A+",9,IF(N48="A",8,IF(N48="B+",7,IF(N48="B",6,IF(N48="C",5,IF(N48="RA",0,IF(N48="U",0,IF(N48="UA",0,0))))))))) -> 0 | AG48: =(W48*W$7)+(X48*X$7)+(Y48*Y$7)+(Z48*Z$7)+(AA48*AA$7)+(AB48*AB$7)+(AC48*AC$7)+(AD48*AD$7) -> 127 | AH48: =IF(W48=0,0,W$7)+IF(X48=0,0,X$7)+IF(Y48=0,0,Y$7)+IF(Z48=0,0,Z$7)+IF(AA48=0,0,AA$7)+IF(AB48=0,0,AB$7)+IF(AC48=0,0,AC$7)+IF(AD48=0,0,AD$7) -> 16 | AI48: =IF(AH48=0,0,AG48/AH48) -> 7.9375 | AJ48: =IF(AH48=23,"P","F") -> F | AK48: =IF(F48>179,1,0) -> 0 | AL48: =IF(F48>159,1,0)-AK48 -> 0 | AM48: =IF(F48>139,1,0)-(AK48+AL48) -> 0 | AN48: =IF(F48>119,1,0)-(AK48+AL48+AM48) -> 0 | AO48: =IF(F48>109,1,0)-(AK48+AL48+AM48+AN48) -> 0 | AP48: =IF(F48>=100,1,0)-(AK48+AL48+AM48+AN48+AO48) -> 0 | AQ48: =IF(F48<100,1,0) -> 1 | AS48: =IF(AK48=0,0,AJ48) -> 0 | AT48: =IF(AL48=0,0,AJ48) -> 0 | AU48: =IF(AM48=0,0,AJ48) -> 0 | AV48: =IF(AN48=0,0,AJ48) -> 0 | AW48: =IF(AO48=0,0,AJ48) -> 0 | AX48: =IF(AP48=0,0,AJ48) -> 0 | AY48: =IF(AQ48=0,0,AJ48) -> F | AZ48: =CONCATENATE(E48,D48) -> HM | BA48: =CONCATENATE(AZ48,V48) -> HMT | BB48: =IF(AZ48="HM",AJ48,"#") -> F | BC48: =IF(AZ48="HF",AJ48,"#") -> # | BD48: =IF(AZ48="DM",AJ48,"#") -> # | BE48: =IF(AZ48="DF",AJ48,"#") -> # | BG48: =IF(AZ48="HM",O48,"#") -> 0 | BH48: =IF(AZ48="HF",O48,"#") -> # | BI48: =IF(AZ48="DM",O48,"#") -> # | BJ48: =IF(AZ48="DF",O48,"#") -> # | BK48: =IF(D48="M",O48,"#") -> 0 | BL48: =IF(D48="F",O48,"#") -> # | BP48: =IF(BA48="HMT",AJ48,"#") -> F | BQ48: =IF(BA48="HFT",AJ48,"#") -> # | BR48: =IF(BA48="DMT",AJ48,"#") -> # | BS48: =IF(BA48="DFT",AJ48,"#") -> # | BT48: =IF(BA48="HMNT",AJ48,"#") -> # | BU48: =IF(BA48="HFNT",AJ48,"#") -> # | BV48: =IF(BA48="DMNT",AJ48,"#") -> # | BW48: =IF(BA48="DFNT",AJ48,"#") -> # | BY48: =IF(BA48="HMT",O48,"#") -> 0 | BZ48: =IF(BA48="HFT",O48,"#") -> # | CA48: =IF(BA48="DMT",O48,"#") -> # | CB48: =IF(BA48="DFT",O48,"#") -> # | CC48: =IF(BA48="HMNT",O48,"#") -> # | CD48: =IF(BA48="HFNT",O48,"#") -> # | CE48: =IF(BA48="DMNT",O48,"#") -> # | CF48: =IF(BA48="DFNT",O48,"#") -> # | CG48: =IF(D48="M",O48,"#") -> 0 | CH48: =IF(D48="F",O48,"#") -> # | CK48: =IF(W48=0,"EEP,"," ") | CL48: =IF(X48=0,"POC,"," ") | CM48: =IF(Y48=0,"DAV,"," ") | CN48: =IF(Z48=0,"EP,"," ") -> EP, | CO48: =IF(AA48=0,"MAD,"," ") | CP48: =IF(AB48=0,"CCP,"," ") | CQ48: =IF(AC48=0,"UIUX,"," ") | CR48: =IF(AD48=0,"DEV,"," ") -> DEV, | CT48: =O48 -> 0 | CU48: =A48 -> 41 | CV48: =B48 -> 24IT0041 | CW48: =C48 -> HARI BHASKARAN R | CX48: =CONCATENATE(CK48,CL48,CM48,CN48,CO48,CP48,CQ48,CR48,CS48) -> EP, DEV, | CY48: =CT48 -> 0 | DA48: =IF(E48="H",O48,"#") -> 0 | DB48: =IF(E48="D",O48,"#") -> #
A49: 42 | B49: 24IT0042 | C49: HARI HARA SUDHARSAN J | D49: M | E49: H | G49: O | H49: A+ | I49: O | J49: A+ | K49: O | L49: A | M49: O | N49: A | O49: =COUNTIF(G49:N49,"U")+COUNTIF(G49:N49,"UA")+COUNTIF(G49:N49,"WH") -> 0 | Q49: =AH49 -> 23 | R49: 9.08 | V49: T | W49: =IF(G49="O",10,IF(G49="A+",9,IF(G49="A",8,IF(G49="B+",7,IF(G49="B",6,IF(G49="C",5,IF(G49="RA",0,IF(G49="U",0,IF(G49="UA",0,0))))))))) -> 10 | X49: =IF(H49="O",10,IF(H49="A+",9,IF(H49="A",8,IF(H49="B+",7,IF(H49="B",6,IF(H49="C",5,IF(H49="RA",0,IF(H49="U",0,IF(H49="UA",0,0))))))))) -> 9 | Y49: =IF(I49="O",10,IF(I49="A+",9,IF(I49="A",8,IF(I49="B+",7,IF(I49="B",6,IF(I49="C",5,IF(I49="RA",0,IF(I49="U",0,IF(I49="UA",0,0))))))))) -> 10 | Z49: =IF(J49="O",10,IF(J49="A+",9,IF(J49="A",8,IF(J49="B+",7,IF(J49="B",6,IF(J49="C",5,IF(J49="RA",0,IF(J49="U",0,IF(J49="UA",0,0))))))))) -> 9 | AA49: =IF(K49="O",10,IF(K49="A+",9,IF(K49="A",8,IF(K49="B+",7,IF(K49="B",6,IF(K49="C",5,IF(K49="RA",0,IF(K49="U",0,IF(K49="UA",0,0))))))))) -> 10 | AB49: =IF(L49="O",10,IF(L49="A+",9,IF(L49="A",8,IF(L49="B+",7,IF(L49="B",6,IF(L49="C",5,IF(L49="RA",0,IF(L49="U",0,IF(L49="UA",0,0))))))))) -> 8 | AC49: =IF(M49="O",10,IF(M49="A+",9,IF(M49="A",8,IF(M49="B+",7,IF(M49="B",6,IF(M49="C",5,IF(M49="RA",0,IF(M49="U",0,IF(M49="UA",0,0))))))))) -> 10 | AD49: =IF(N49="O",10,IF(N49="A+",9,IF(N49="A",8,IF(N49="B+",7,IF(N49="B",6,IF(N49="C",5,IF(N49="RA",0,IF(N49="U",0,IF(N49="UA",0,0))))))))) -> 8 | AG49: =(W49*W$7)+(X49*X$7)+(Y49*Y$7)+(Z49*Z$7)+(AA49*AA$7)+(AB49*AB$7)+(AC49*AC$7)+(AD49*AD$7) -> 214 | AH49: =IF(W49=0,0,W$7)+IF(X49=0,0,X$7)+IF(Y49=0,0,Y$7)+IF(Z49=0,0,Z$7)+IF(AA49=0,0,AA$7)+IF(AB49=0,0,AB$7)+IF(AC49=0,0,AC$7)+IF(AD49=0,0,AD$7) -> 23 | AI49: =IF(AH49=0,0,AG49/AH49) -> 9.3043478 | AJ49: =IF(AH49=23,"P","F") -> P | AK49: =IF(F49>179,1,0) -> 0 | AL49: =IF(F49>159,1,0)-AK49 -> 0 | AM49: =IF(F49>139,1,0)-(AK49+AL49) -> 0 | AN49: =IF(F49>119,1,0)-(AK49+AL49+AM49) -> 0 | AO49: =IF(F49>109,1,0)-(AK49+AL49+AM49+AN49) -> 0 | AP49: =IF(F49>=100,1,0)-(AK49+AL49+AM49+AN49+AO49) -> 0 | AQ49: =IF(F49<100,1,0) -> 1 | AS49: =IF(AK49=0,0,AJ49) -> 0 | AT49: =IF(AL49=0,0,AJ49) -> 0 | AU49: =IF(AM49=0,0,AJ49) -> 0 | AV49: =IF(AN49=0,0,AJ49) -> 0 | AW49: =IF(AO49=0,0,AJ49) -> 0 | AX49: =IF(AP49=0,0,AJ49) -> 0 | AY49: =IF(AQ49=0,0,AJ49) -> P | AZ49: =CONCATENATE(E49,D49) -> HM | BA49: =CONCATENATE(AZ49,V49) -> HMT | BB49: =IF(AZ49="HM",AJ49,"#") -> P | BC49: =IF(AZ49="HF",AJ49,"#") -> # | BD49: =IF(AZ49="DM",AJ49,"#") -> # | BE49: =IF(AZ49="DF",AJ49,"#") -> # | BG49: =IF(AZ49="HM",O49,"#") -> 0 | BH49: =IF(AZ49="HF",O49,"#") -> # | BI49: =IF(AZ49="DM",O49,"#") -> # | BJ49: =IF(AZ49="DF",O49,"#") -> # | BK49: =IF(D49="M",O49,"#") -> 0 | BL49: =IF(D49="F",O49,"#") -> # | BP49: =IF(BA49="HMT",AJ49,"#") -> P | BQ49: =IF(BA49="HFT",AJ49,"#") -> # | BR49: =IF(BA49="DMT",AJ49,"#") -> # | BS49: =IF(BA49="DFT",AJ49,"#") -> # | BT49: =IF(BA49="HMNT",AJ49,"#") -> # | BU49: =IF(BA49="HFNT",AJ49,"#") -> # | BV49: =IF(BA49="DMNT",AJ49,"#") -> # | BW49: =IF(BA49="DFNT",AJ49,"#") -> # | BY49: =IF(BA49="HMT",O49,"#") -> 0 | BZ49: =IF(BA49="HFT",O49,"#") -> # | CA49: =IF(BA49="DMT",O49,"#") -> # | CB49: =IF(BA49="DFT",O49,"#") -> # | CC49: =IF(BA49="HMNT",O49,"#") -> # | CD49: =IF(BA49="HFNT",O49,"#") -> # | CE49: =IF(BA49="DMNT",O49,"#") -> # | CF49: =IF(BA49="DFNT",O49,"#") -> # | CG49: =IF(D49="M",O49,"#") -> 0 | CH49: =IF(D49="F",O49,"#") -> # | CK49: =IF(W49=0,"EEP,"," ") | CL49: =IF(X49=0,"POC,"," ") | CM49: =IF(Y49=0,"DAV,"," ") | CN49: =IF(Z49=0,"EP,"," ") | CO49: =IF(AA49=0,"MAD,"," ") | CP49: =IF(AB49=0,"CCP,"," ") | CQ49: =IF(AC49=0,"UIUX,"," ") | CR49: =IF(AD49=0,"DEV,"," ") | CT49: =O49 -> 0 | CU49: =A49 -> 42 | CV49: =B49 -> 24IT0042 | CW49: =C49 -> HARI HARA SUDHARSAN J | CX49: =CONCATENATE(CK49,CL49,CM49,CN49,CO49,CP49,CQ49,CR49,CS49) | CY49: =CT49 -> 0 | DA49: =IF(E49="H",O49,"#") -> 0 | DB49: =IF(E49="D",O49,"#") -> #
A50: 43 | B50: 24IT0043 | C50: HARIESH RAJ B | D50: M | E50: D | G50: O | H50: A | I50: B+ | J50: A+ | K50: A | L50: B+ | M50: O | N50: B+ | O50: =COUNTIF(G50:N50,"U")+COUNTIF(G50:N50,"UA")+COUNTIF(G50:N50,"WH") -> 0 | Q50: =AH50 -> 23 | R50: 7.84 | V50: T | W50: =IF(G50="O",10,IF(G50="A+",9,IF(G50="A",8,IF(G50="B+",7,IF(G50="B",6,IF(G50="C",5,IF(G50="RA",0,IF(G50="U",0,IF(G50="UA",0,0))))))))) -> 10 | X50: =IF(H50="O",10,IF(H50="A+",9,IF(H50="A",8,IF(H50="B+",7,IF(H50="B",6,IF(H50="C",5,IF(H50="RA",0,IF(H50="U",0,IF(H50="UA",0,0))))))))) -> 8 | Y50: =IF(I50="O",10,IF(I50="A+",9,IF(I50="A",8,IF(I50="B+",7,IF(I50="B",6,IF(I50="C",5,IF(I50="RA",0,IF(I50="U",0,IF(I50="UA",0,0))))))))) -> 7 | Z50: =IF(J50="O",10,IF(J50="A+",9,IF(J50="A",8,IF(J50="B+",7,IF(J50="B",6,IF(J50="C",5,IF(J50="RA",0,IF(J50="U",0,IF(J50="UA",0,0))))))))) -> 9 | AA50: =IF(K50="O",10,IF(K50="A+",9,IF(K50="A",8,IF(K50="B+",7,IF(K50="B",6,IF(K50="C",5,IF(K50="RA",0,IF(K50="U",0,IF(K50="UA",0,0))))))))) -> 8 | AB50: =IF(L50="O",10,IF(L50="A+",9,IF(L50="A",8,IF(L50="B+",7,IF(L50="B",6,IF(L50="C",5,IF(L50="RA",0,IF(L50="U",0,IF(L50="UA",0,0))))))))) -> 7 | AC50: =IF(M50="O",10,IF(M50="A+",9,IF(M50="A",8,IF(M50="B+",7,IF(M50="B",6,IF(M50="C",5,IF(M50="RA",0,IF(M50="U",0,IF(M50="UA",0,0))))))))) -> 10 | AD50: =IF(N50="O",10,IF(N50="A+",9,IF(N50="A",8,IF(N50="B+",7,IF(N50="B",6,IF(N50="C",5,IF(N50="RA",0,IF(N50="U",0,IF(N50="UA",0,0))))))))) -> 7 | AG50: =(W50*W$7)+(X50*X$7)+(Y50*Y$7)+(Z50*Z$7)+(AA50*AA$7)+(AB50*AB$7)+(AC50*AC$7)+(AD50*AD$7) -> 188 | AH50: =IF(W50=0,0,W$7)+IF(X50=0,0,X$7)+IF(Y50=0,0,Y$7)+IF(Z50=0,0,Z$7)+IF(AA50=0,0,AA$7)+IF(AB50=0,0,AB$7)+IF(AC50=0,0,AC$7)+IF(AD50=0,0,AD$7) -> 23 | AI50: =IF(AH50=0,0,AG50/AH50) -> 8.173913 | AJ50: =IF(AH50=23,"P","F") -> P | AK50: =IF(F50>179,1,0) -> 0 | AL50: =IF(F50>159,1,0)-AK50 -> 0 | AM50: =IF(F50>139,1,0)-(AK50+AL50) -> 0 | AN50: =IF(F50>119,1,0)-(AK50+AL50+AM50) -> 0 | AO50: =IF(F50>109,1,0)-(AK50+AL50+AM50+AN50) -> 0 | AP50: =IF(F50>=100,1,0)-(AK50+AL50+AM50+AN50+AO50) -> 0 | AQ50: =IF(F50<100,1,0) -> 1 | AS50: =IF(AK50=0,0,AJ50) -> 0 | AT50: =IF(AL50=0,0,AJ50) -> 0 | AU50: =IF(AM50=0,0,AJ50) -> 0 | AV50: =IF(AN50=0,0,AJ50) -> 0 | AW50: =IF(AO50=0,0,AJ50) -> 0 | AX50: =IF(AP50=0,0,AJ50) -> 0 | AY50: =IF(AQ50=0,0,AJ50) -> P | AZ50: =CONCATENATE(E50,D50) -> DM | BA50: =CONCATENATE(AZ50,V50) -> DMT | BB50: =IF(AZ50="HM",AJ50,"#") -> # | BC50: =IF(AZ50="HF",AJ50,"#") -> # | BD50: =IF(AZ50="DM",AJ50,"#") -> P | BE50: =IF(AZ50="DF",AJ50,"#") -> # | BG50: =IF(AZ50="HM",O50,"#") -> # | BH50: =IF(AZ50="HF",O50,"#") -> # | BI50: =IF(AZ50="DM",O50,"#") -> 0 | BJ50: =IF(AZ50="DF",O50,"#") -> # | BK50: =IF(D50="M",O50,"#") -> 0 | BL50: =IF(D50="F",O50,"#") -> # | BP50: =IF(BA50="HMT",AJ50,"#") -> # | BQ50: =IF(BA50="HFT",AJ50,"#") -> # | BR50: =IF(BA50="DMT",AJ50,"#") -> P | BS50: =IF(BA50="DFT",AJ50,"#") -> # | BT50: =IF(BA50="HMNT",AJ50,"#") -> # | BU50: =IF(BA50="HFNT",AJ50,"#") -> # | BV50: =IF(BA50="DMNT",AJ50,"#") -> # | BW50: =IF(BA50="DFNT",AJ50,"#") -> # | BY50: =IF(BA50="HMT",O50,"#") -> # | BZ50: =IF(BA50="HFT",O50,"#") -> # | CA50: =IF(BA50="DMT",O50,"#") -> 0 | CB50: =IF(BA50="DFT",O50,"#") -> # | CC50: =IF(BA50="HMNT",O50,"#") -> # | CD50: =IF(BA50="HFNT",O50,"#") -> # | CE50: =IF(BA50="DMNT",O50,"#") -> # | CF50: =IF(BA50="DFNT",O50,"#") -> # | CG50: =IF(D50="M",O50,"#") -> 0 | CH50: =IF(D50="F",O50,"#") -> # | CK50: =IF(W50=0,"EEP,"," ") | CL50: =IF(X50=0,"POC,"," ") | CM50: =IF(Y50=0,"DAV,"," ") | CN50: =IF(Z50=0,"EP,"," ") | CO50: =IF(AA50=0,"MAD,"," ") | CP50: =IF(AB50=0,"CCP,"," ") | CQ50: =IF(AC50=0,"UIUX,"," ") | CR50: =IF(AD50=0,"DEV,"," ") | CT50: =O50 -> 0 | CU50: =A50 -> 43 | CV50: =B50 -> 24IT0043 | CW50: =C50 -> HARIESH RAJ B | CX50: =CONCATENATE(CK50,CL50,CM50,CN50,CO50,CP50,CQ50,CR50,CS50) | CY50: =CT50 -> 0 | DA50: =IF(E50="H",O50,"#") -> # | DB50: =IF(E50="D",O50,"#") -> 0
A51: 44 | B51: 24IT0044 | C51: HARIHARAN K | D51: M | E51: D | G51: O | H51: C | I51: B+ | J51: RA | K51: B+ | L51: RA | M51: O | N51: B+ | O51: =COUNTIF(G51:N51,"U")+COUNTIF(G51:N51,"UA")+COUNTIF(G51:N51,"WH") -> 0 | Q51: =AH51 -> 18 | R51: 7 | V51: T | W51: =IF(G51="O",10,IF(G51="A+",9,IF(G51="A",8,IF(G51="B+",7,IF(G51="B",6,IF(G51="C",5,IF(G51="RA",0,IF(G51="U",0,IF(G51="UA",0,0))))))))) -> 10 | X51: =IF(H51="O",10,IF(H51="A+",9,IF(H51="A",8,IF(H51="B+",7,IF(H51="B",6,IF(H51="C",5,IF(H51="RA",0,IF(H51="U",0,IF(H51="UA",0,0))))))))) -> 5 | Y51: =IF(I51="O",10,IF(I51="A+",9,IF(I51="A",8,IF(I51="B+",7,IF(I51="B",6,IF(I51="C",5,IF(I51="RA",0,IF(I51="U",0,IF(I51="UA",0,0))))))))) -> 7 | Z51: =IF(J51="O",10,IF(J51="A+",9,IF(J51="A",8,IF(J51="B+",7,IF(J51="B",6,IF(J51="C",5,IF(J51="RA",0,IF(J51="U",0,IF(J51="UA",0,0))))))))) -> 0 | AA51: =IF(K51="O",10,IF(K51="A+",9,IF(K51="A",8,IF(K51="B+",7,IF(K51="B",6,IF(K51="C",5,IF(K51="RA",0,IF(K51="U",0,IF(K51="UA",0,0))))))))) -> 7 | AB51: =IF(L51="O",10,IF(L51="A+",9,IF(L51="A",8,IF(L51="B+",7,IF(L51="B",6,IF(L51="C",5,IF(L51="RA",0,IF(L51="U",0,IF(L51="UA",0,0))))))))) -> 0 | AC51: =IF(M51="O",10,IF(M51="A+",9,IF(M51="A",8,IF(M51="B+",7,IF(M51="B",6,IF(M51="C",5,IF(M51="RA",0,IF(M51="U",0,IF(M51="UA",0,0))))))))) -> 10 | AD51: =IF(N51="O",10,IF(N51="A+",9,IF(N51="A",8,IF(N51="B+",7,IF(N51="B",6,IF(N51="C",5,IF(N51="RA",0,IF(N51="U",0,IF(N51="UA",0,0))))))))) -> 7 | AG51: =(W51*W$7)+(X51*X$7)+(Y51*Y$7)+(Z51*Z$7)+(AA51*AA$7)+(AB51*AB$7)+(AC51*AC$7)+(AD51*AD$7) -> 130 | AH51: =IF(W51=0,0,W$7)+IF(X51=0,0,X$7)+IF(Y51=0,0,Y$7)+IF(Z51=0,0,Z$7)+IF(AA51=0,0,AA$7)+IF(AB51=0,0,AB$7)+IF(AC51=0,0,AC$7)+IF(AD51=0,0,AD$7) -> 18 | AI51: =IF(AH51=0,0,AG51/AH51) -> 7.2222222 | AJ51: =IF(AH51=23,"P","F") -> F | AK51: =IF(F51>179,1,0) -> 0 | AL51: =IF(F51>159,1,0)-AK51 -> 0 | AM51: =IF(F51>139,1,0)-(AK51+AL51) -> 0 | AN51: =IF(F51>119,1,0)-(AK51+AL51+AM51) -> 0 | AO51: =IF(F51>109,1,0)-(AK51+AL51+AM51+AN51) -> 0 | AP51: =IF(F51>=100,1,0)-(AK51+AL51+AM51+AN51+AO51) -> 0 | AQ51: =IF(F51<100,1,0) -> 1 | AS51: =IF(AK51=0,0,AJ51) -> 0 | AT51: =IF(AL51=0,0,AJ51) -> 0 | AU51: =IF(AM51=0,0,AJ51) -> 0 | AV51: =IF(AN51=0,0,AJ51) -> 0 | AW51: =IF(AO51=0,0,AJ51) -> 0 | AX51: =IF(AP51=0,0,AJ51) -> 0 | AY51: =IF(AQ51=0,0,AJ51) -> F | AZ51: =CONCATENATE(E51,D51) -> DM | BA51: =CONCATENATE(AZ51,V51) -> DMT | BB51: =IF(AZ51="HM",AJ51,"#") -> # | BC51: =IF(AZ51="HF",AJ51,"#") -> # | BD51: =IF(AZ51="DM",AJ51,"#") -> F | BE51: =IF(AZ51="DF",AJ51,"#") -> # | BG51: =IF(AZ51="HM",O51,"#") -> # | BH51: =IF(AZ51="HF",O51,"#") -> # | BI51: =IF(AZ51="DM",O51,"#") -> 0 | BJ51: =IF(AZ51="DF",O51,"#") -> # | BK51: =IF(D51="M",O51,"#") -> 0 | BL51: =IF(D51="F",O51,"#") -> # | BP51: =IF(BA51="HMT",AJ51,"#") -> # | BQ51: =IF(BA51="HFT",AJ51,"#") -> # | BR51: =IF(BA51="DMT",AJ51,"#") -> F | BS51: =IF(BA51="DFT",AJ51,"#") -> # | BT51: =IF(BA51="HMNT",AJ51,"#") -> # | BU51: =IF(BA51="HFNT",AJ51,"#") -> # | BV51: =IF(BA51="DMNT",AJ51,"#") -> # | BW51: =IF(BA51="DFNT",AJ51,"#") -> # | BY51: =IF(BA51="HMT",O51,"#") -> # | BZ51: =IF(BA51="HFT",O51,"#") -> # | CA51: =IF(BA51="DMT",O51,"#") -> 0 | CB51: =IF(BA51="DFT",O51,"#") -> # | CC51: =IF(BA51="HMNT",O51,"#") -> # | CD51: =IF(BA51="HFNT",O51,"#") -> # | CE51: =IF(BA51="DMNT",O51,"#") -> # | CF51: =IF(BA51="DFNT",O51,"#") -> # | CG51: =IF(D51="M",O51,"#") -> 0 | CH51: =IF(D51="F",O51,"#") -> # | CK51: =IF(W51=0,"EEP,"," ") | CL51: =IF(X51=0,"POC,"," ") | CM51: =IF(Y51=0,"DAV,"," ") | CN51: =IF(Z51=0,"EP,"," ") -> EP, | CO51: =IF(AA51=0,"MAD,"," ") | CP51: =IF(AB51=0,"CCP,"," ") -> CCP, | CQ51: =IF(AC51=0,"UIUX,"," ") | CR51: =IF(AD51=0,"DEV,"," ") | CT51: =O51 -> 0 | CU51: =A51 -> 44 | CV51: =B51 -> 24IT0044 | CW51: =C51 -> HARIHARAN K | CX51: =CONCATENATE(CK51,CL51,CM51,CN51,CO51,CP51,CQ51,CR51,CS51) -> EP, CCP, | CY51: =CT51 -> 0 | DA51: =IF(E51="H",O51,"#") -> # | DB51: =IF(E51="D",O51,"#") -> 0
A52: 45 | B52: 24IT0045 | C52: HARINI AZHAGESAN | D52: F | E52: H | G52: O | H52: A | I52: A+ | J52: A+ | K52: A | L52: A | M52: O | N52: A | O52: =COUNTIF(G52:N52,"U")+COUNTIF(G52:N52,"UA")+COUNTIF(G52:N52,"WH") -> 0 | Q52: =AH52 -> 23 | R52: 8.48 | V52: T | W52: =IF(G52="O",10,IF(G52="A+",9,IF(G52="A",8,IF(G52="B+",7,IF(G52="B",6,IF(G52="C",5,IF(G52="RA",0,IF(G52="U",0,IF(G52="UA",0,0))))))))) -> 10 | X52: =IF(H52="O",10,IF(H52="A+",9,IF(H52="A",8,IF(H52="B+",7,IF(H52="B",6,IF(H52="C",5,IF(H52="RA",0,IF(H52="U",0,IF(H52="UA",0,0))))))))) -> 8 | Y52: =IF(I52="O",10,IF(I52="A+",9,IF(I52="A",8,IF(I52="B+",7,IF(I52="B",6,IF(I52="C",5,IF(I52="RA",0,IF(I52="U",0,IF(I52="UA",0,0))))))))) -> 9 | Z52: =IF(J52="O",10,IF(J52="A+",9,IF(J52="A",8,IF(J52="B+",7,IF(J52="B",6,IF(J52="C",5,IF(J52="RA",0,IF(J52="U",0,IF(J52="UA",0,0))))))))) -> 9 | AA52: =IF(K52="O",10,IF(K52="A+",9,IF(K52="A",8,IF(K52="B+",7,IF(K52="B",6,IF(K52="C",5,IF(K52="RA",0,IF(K52="U",0,IF(K52="UA",0,0))))))))) -> 8 | AB52: =IF(L52="O",10,IF(L52="A+",9,IF(L52="A",8,IF(L52="B+",7,IF(L52="B",6,IF(L52="C",5,IF(L52="RA",0,IF(L52="U",0,IF(L52="UA",0,0))))))))) -> 8 | AC52: =IF(M52="O",10,IF(M52="A+",9,IF(M52="A",8,IF(M52="B+",7,IF(M52="B",6,IF(M52="C",5,IF(M52="RA",0,IF(M52="U",0,IF(M52="UA",0,0))))))))) -> 10 | AD52: =IF(N52="O",10,IF(N52="A+",9,IF(N52="A",8,IF(N52="B+",7,IF(N52="B",6,IF(N52="C",5,IF(N52="RA",0,IF(N52="U",0,IF(N52="UA",0,0))))))))) -> 8 | AG52: =(W52*W$7)+(X52*X$7)+(Y52*Y$7)+(Z52*Z$7)+(AA52*AA$7)+(AB52*AB$7)+(AC52*AC$7)+(AD52*AD$7) -> 200 | AH52: =IF(W52=0,0,W$7)+IF(X52=0,0,X$7)+IF(Y52=0,0,Y$7)+IF(Z52=0,0,Z$7)+IF(AA52=0,0,AA$7)+IF(AB52=0,0,AB$7)+IF(AC52=0,0,AC$7)+IF(AD52=0,0,AD$7) -> 23 | AI52: =IF(AH52=0,0,AG52/AH52) -> 8.6956522 | AJ52: =IF(AH52=23,"P","F") -> P | AK52: =IF(F52>179,1,0) -> 0 | AL52: =IF(F52>159,1,0)-AK52 -> 0 | AM52: =IF(F52>139,1,0)-(AK52+AL52) -> 0 | AN52: =IF(F52>119,1,0)-(AK52+AL52+AM52) -> 0 | AO52: =IF(F52>109,1,0)-(AK52+AL52+AM52+AN52) -> 0 | AP52: =IF(F52>=100,1,0)-(AK52+AL52+AM52+AN52+AO52) -> 0 | AQ52: =IF(F52<100,1,0) -> 1 | AS52: =IF(AK52=0,0,AJ52) -> 0 | AT52: =IF(AL52=0,0,AJ52) -> 0 | AU52: =IF(AM52=0,0,AJ52) -> 0 | AV52: =IF(AN52=0,0,AJ52) -> 0 | AW52: =IF(AO52=0,0,AJ52) -> 0 | AX52: =IF(AP52=0,0,AJ52) -> 0 | AY52: =IF(AQ52=0,0,AJ52) -> P | AZ52: =CONCATENATE(E52,D52) -> HF | BA52: =CONCATENATE(AZ52,V52) -> HFT | BB52: =IF(AZ52="HM",AJ52,"#") -> # | BC52: =IF(AZ52="HF",AJ52,"#") -> P | BD52: =IF(AZ52="DM",AJ52,"#") -> # | BE52: =IF(AZ52="DF",AJ52,"#") -> # | BG52: =IF(AZ52="HM",O52,"#") -> # | BH52: =IF(AZ52="HF",O52,"#") -> 0 | BI52: =IF(AZ52="DM",O52,"#") -> # | BJ52: =IF(AZ52="DF",O52,"#") -> # | BK52: =IF(D52="M",O52,"#") -> # | BL52: =IF(D52="F",O52,"#") -> 0 | BP52: =IF(BA52="HMT",AJ52,"#") -> # | BQ52: =IF(BA52="HFT",AJ52,"#") -> P | BR52: =IF(BA52="DMT",AJ52,"#") -> # | BS52: =IF(BA52="DFT",AJ52,"#") -> # | BT52: =IF(BA52="HMNT",AJ52,"#") -> # | BU52: =IF(BA52="HFNT",AJ52,"#") -> # | BV52: =IF(BA52="DMNT",AJ52,"#") -> # | BW52: =IF(BA52="DFNT",AJ52,"#") -> # | BY52: =IF(BA52="HMT",O52,"#") -> # | BZ52: =IF(BA52="HFT",O52,"#") -> 0 | CA52: =IF(BA52="DMT",O52,"#") -> # | CB52: =IF(BA52="DFT",O52,"#") -> # | CC52: =IF(BA52="HMNT",O52,"#") -> # | CD52: =IF(BA52="HFNT",O52,"#") -> # | CE52: =IF(BA52="DMNT",O52,"#") -> # | CF52: =IF(BA52="DFNT",O52,"#") -> # | CG52: =IF(D52="M",O52,"#") -> # | CH52: =IF(D52="F",O52,"#") -> 0 | CK52: =IF(W52=0,"EEP,"," ") | CL52: =IF(X52=0,"POC,"," ") | CM52: =IF(Y52=0,"DAV,"," ") | CN52: =IF(Z52=0,"EP,"," ") | CO52: =IF(AA52=0,"MAD,"," ") | CP52: =IF(AB52=0,"CCP,"," ") | CQ52: =IF(AC52=0,"UIUX,"," ") | CR52: =IF(AD52=0,"DEV,"," ") | CT52: =O52 -> 0 | CU52: =A52 -> 45 | CV52: =B52 -> 24IT0045 | CW52: =C52 -> HARINI AZHAGESAN | CX52: =CONCATENATE(CK52,CL52,CM52,CN52,CO52,CP52,CQ52,CR52,CS52) | CY52: =CT52 -> 0 | DA52: =IF(E52="H",O52,"#") -> 0 | DB52: =IF(E52="D",O52,"#") -> #
A53: 46 | B53: 24IT0046 | C53: HARINI PRIYA R | D53: F | E53: H | G53: O | H53: A | I53: A | J53: A+ | K53: A | L53: B+ | M53: O | N53: B+ | O53: =COUNTIF(G53:N53,"U")+COUNTIF(G53:N53,"UA")+COUNTIF(G53:N53,"WH") -> 0 | Q53: =AH53 -> 23 | R53: 8 | V53: T | W53: =IF(G53="O",10,IF(G53="A+",9,IF(G53="A",8,IF(G53="B+",7,IF(G53="B",6,IF(G53="C",5,IF(G53="RA",0,IF(G53="U",0,IF(G53="UA",0,0))))))))) -> 10 | X53: =IF(H53="O",10,IF(H53="A+",9,IF(H53="A",8,IF(H53="B+",7,IF(H53="B",6,IF(H53="C",5,IF(H53="RA",0,IF(H53="U",0,IF(H53="UA",0,0))))))))) -> 8 | Y53: =IF(I53="O",10,IF(I53="A+",9,IF(I53="A",8,IF(I53="B+",7,IF(I53="B",6,IF(I53="C",5,IF(I53="RA",0,IF(I53="U",0,IF(I53="UA",0,0))))))))) -> 8 | Z53: =IF(J53="O",10,IF(J53="A+",9,IF(J53="A",8,IF(J53="B+",7,IF(J53="B",6,IF(J53="C",5,IF(J53="RA",0,IF(J53="U",0,IF(J53="UA",0,0))))))))) -> 9 | AA53: =IF(K53="O",10,IF(K53="A+",9,IF(K53="A",8,IF(K53="B+",7,IF(K53="B",6,IF(K53="C",5,IF(K53="RA",0,IF(K53="U",0,IF(K53="UA",0,0))))))))) -> 8 | AB53: =IF(L53="O",10,IF(L53="A+",9,IF(L53="A",8,IF(L53="B+",7,IF(L53="B",6,IF(L53="C",5,IF(L53="RA",0,IF(L53="U",0,IF(L53="UA",0,0))))))))) -> 7 | AC53: =IF(M53="O",10,IF(M53="A+",9,IF(M53="A",8,IF(M53="B+",7,IF(M53="B",6,IF(M53="C",5,IF(M53="RA",0,IF(M53="U",0,IF(M53="UA",0,0))))))))) -> 10 | AD53: =IF(N53="O",10,IF(N53="A+",9,IF(N53="A",8,IF(N53="B+",7,IF(N53="B",6,IF(N53="C",5,IF(N53="RA",0,IF(N53="U",0,IF(N53="UA",0,0))))))))) -> 7 | AG53: =(W53*W$7)+(X53*X$7)+(Y53*Y$7)+(Z53*Z$7)+(AA53*AA$7)+(AB53*AB$7)+(AC53*AC$7)+(AD53*AD$7) -> 192 | AH53: =IF(W53=0,0,W$7)+IF(X53=0,0,X$7)+IF(Y53=0,0,Y$7)+IF(Z53=0,0,Z$7)+IF(AA53=0,0,AA$7)+IF(AB53=0,0,AB$7)+IF(AC53=0,0,AC$7)+IF(AD53=0,0,AD$7) -> 23 | AI53: =IF(AH53=0,0,AG53/AH53) -> 8.3478261 | AJ53: =IF(AH53=23,"P","F") -> P | AK53: =IF(F53>179,1,0) -> 0 | AL53: =IF(F53>159,1,0)-AK53 -> 0 | AM53: =IF(F53>139,1,0)-(AK53+AL53) -> 0 | AN53: =IF(F53>119,1,0)-(AK53+AL53+AM53) -> 0 | AO53: =IF(F53>109,1,0)-(AK53+AL53+AM53+AN53) -> 0 | AP53: =IF(F53>=100,1,0)-(AK53+AL53+AM53+AN53+AO53) -> 0 | AQ53: =IF(F53<100,1,0) -> 1 | AS53: =IF(AK53=0,0,AJ53) -> 0 | AT53: =IF(AL53=0,0,AJ53) -> 0 | AU53: =IF(AM53=0,0,AJ53) -> 0 | AV53: =IF(AN53=0,0,AJ53) -> 0 | AW53: =IF(AO53=0,0,AJ53) -> 0 | AX53: =IF(AP53=0,0,AJ53) -> 0 | AY53: =IF(AQ53=0,0,AJ53) -> P | AZ53: =CONCATENATE(E53,D53) -> HF | BA53: =CONCATENATE(AZ53,V53) -> HFT | BB53: =IF(AZ53="HM",AJ53,"#") -> # | BC53: =IF(AZ53="HF",AJ53,"#") -> P | BD53: =IF(AZ53="DM",AJ53,"#") -> # | BE53: =IF(AZ53="DF",AJ53,"#") -> # | BG53: =IF(AZ53="HM",O53,"#") -> # | BH53: =IF(AZ53="HF",O53,"#") -> 0 | BI53: =IF(AZ53="DM",O53,"#") -> # | BJ53: =IF(AZ53="DF",O53,"#") -> # | BK53: =IF(D53="M",O53,"#") -> # | BL53: =IF(D53="F",O53,"#") -> 0 | BP53: =IF(BA53="HMT",AJ53,"#") -> # | BQ53: =IF(BA53="HFT",AJ53,"#") -> P | BR53: =IF(BA53="DMT",AJ53,"#") -> # | BS53: =IF(BA53="DFT",AJ53,"#") -> # | BT53: =IF(BA53="HMNT",AJ53,"#") -> # | BU53: =IF(BA53="HFNT",AJ53,"#") -> # | BV53: =IF(BA53="DMNT",AJ53,"#") -> # | BW53: =IF(BA53="DFNT",AJ53,"#") -> # | BY53: =IF(BA53="HMT",O53,"#") -> # | BZ53: =IF(BA53="HFT",O53,"#") -> 0 | CA53: =IF(BA53="DMT",O53,"#") -> # | CB53: =IF(BA53="DFT",O53,"#") -> # | CC53: =IF(BA53="HMNT",O53,"#") -> # | CD53: =IF(BA53="HFNT",O53,"#") -> # | CE53: =IF(BA53="DMNT",O53,"#") -> # | CF53: =IF(BA53="DFNT",O53,"#") -> # | CG53: =IF(D53="M",O53,"#") -> # | CH53: =IF(D53="F",O53,"#") -> 0 | CK53: =IF(W53=0,"EEP,"," ") | CL53: =IF(X53=0,"POC,"," ") | CM53: =IF(Y53=0,"DAV,"," ") | CN53: =IF(Z53=0,"EP,"," ") | CO53: =IF(AA53=0,"MAD,"," ") | CP53: =IF(AB53=0,"CCP,"," ") | CQ53: =IF(AC53=0,"UIUX,"," ") | CR53: =IF(AD53=0,"DEV,"," ") | CT53: =O53 -> 0 | CU53: =A53 -> 46 | CV53: =B53 -> 24IT0046 | CW53: =C53 -> HARINI PRIYA R | CX53: =CONCATENATE(CK53,CL53,CM53,CN53,CO53,CP53,CQ53,CR53,CS53) | CY53: =CT53 -> 0 | DA53: =IF(E53="H",O53,"#") -> 0 | DB53: =IF(E53="D",O53,"#") -> #
A54: 47 | B54: 24IT0047 | C54: HARIPANDI N | D54: M | E54: D | G54: O | H54: A | I54: A | J54: A+ | K54: A | L54: B+ | M54: O | N54: B+ | O54: =COUNTIF(G54:N54,"U")+COUNTIF(G54:N54,"UA")+COUNTIF(G54:N54,"WH") -> 0 | Q54: =AH54 -> 23 | R54: 8 | V54: T | W54: =IF(G54="O",10,IF(G54="A+",9,IF(G54="A",8,IF(G54="B+",7,IF(G54="B",6,IF(G54="C",5,IF(G54="RA",0,IF(G54="U",0,IF(G54="UA",0,0))))))))) -> 10 | X54: =IF(H54="O",10,IF(H54="A+",9,IF(H54="A",8,IF(H54="B+",7,IF(H54="B",6,IF(H54="C",5,IF(H54="RA",0,IF(H54="U",0,IF(H54="UA",0,0))))))))) -> 8 | Y54: =IF(I54="O",10,IF(I54="A+",9,IF(I54="A",8,IF(I54="B+",7,IF(I54="B",6,IF(I54="C",5,IF(I54="RA",0,IF(I54="U",0,IF(I54="UA",0,0))))))))) -> 8 | Z54: =IF(J54="O",10,IF(J54="A+",9,IF(J54="A",8,IF(J54="B+",7,IF(J54="B",6,IF(J54="C",5,IF(J54="RA",0,IF(J54="U",0,IF(J54="UA",0,0))))))))) -> 9 | AA54: =IF(K54="O",10,IF(K54="A+",9,IF(K54="A",8,IF(K54="B+",7,IF(K54="B",6,IF(K54="C",5,IF(K54="RA",0,IF(K54="U",0,IF(K54="UA",0,0))))))))) -> 8 | AB54: =IF(L54="O",10,IF(L54="A+",9,IF(L54="A",8,IF(L54="B+",7,IF(L54="B",6,IF(L54="C",5,IF(L54="RA",0,IF(L54="U",0,IF(L54="UA",0,0))))))))) -> 7 | AC54: =IF(M54="O",10,IF(M54="A+",9,IF(M54="A",8,IF(M54="B+",7,IF(M54="B",6,IF(M54="C",5,IF(M54="RA",0,IF(M54="U",0,IF(M54="UA",0,0))))))))) -> 10 | AD54: =IF(N54="O",10,IF(N54="A+",9,IF(N54="A",8,IF(N54="B+",7,IF(N54="B",6,IF(N54="C",5,IF(N54="RA",0,IF(N54="U",0,IF(N54="UA",0,0))))))))) -> 7 | AG54: =(W54*W$7)+(X54*X$7)+(Y54*Y$7)+(Z54*Z$7)+(AA54*AA$7)+(AB54*AB$7)+(AC54*AC$7)+(AD54*AD$7) -> 192 | AH54: =IF(W54=0,0,W$7)+IF(X54=0,0,X$7)+IF(Y54=0,0,Y$7)+IF(Z54=0,0,Z$7)+IF(AA54=0,0,AA$7)+IF(AB54=0,0,AB$7)+IF(AC54=0,0,AC$7)+IF(AD54=0,0,AD$7) -> 23 | AI54: =IF(AH54=0,0,AG54/AH54) -> 8.3478261 | AJ54: =IF(AH54=23,"P","F") -> P | AK54: =IF(F54>179,1,0) -> 0 | AL54: =IF(F54>159,1,0)-AK54 -> 0 | AM54: =IF(F54>139,1,0)-(AK54+AL54) -> 0 | AN54: =IF(F54>119,1,0)-(AK54+AL54+AM54) -> 0 | AO54: =IF(F54>109,1,0)-(AK54+AL54+AM54+AN54) -> 0 | AP54: =IF(F54>=100,1,0)-(AK54+AL54+AM54+AN54+AO54) -> 0 | AQ54: =IF(F54<100,1,0) -> 1 | AS54: =IF(AK54=0,0,AJ54) -> 0 | AT54: =IF(AL54=0,0,AJ54) -> 0 | AU54: =IF(AM54=0,0,AJ54) -> 0 | AV54: =IF(AN54=0,0,AJ54) -> 0 | AW54: =IF(AO54=0,0,AJ54) -> 0 | AX54: =IF(AP54=0,0,AJ54) -> 0 | AY54: =IF(AQ54=0,0,AJ54) -> P | AZ54: =CONCATENATE(E54,D54) -> DM | BA54: =CONCATENATE(AZ54,V54) -> DMT | BB54: =IF(AZ54="HM",AJ54,"#") -> # | BC54: =IF(AZ54="HF",AJ54,"#") -> # | BD54: =IF(AZ54="DM",AJ54,"#") -> P | BE54: =IF(AZ54="DF",AJ54,"#") -> # | BG54: =IF(AZ54="HM",O54,"#") -> # | BH54: =IF(AZ54="HF",O54,"#") -> # | BI54: =IF(AZ54="DM",O54,"#") -> 0 | BJ54: =IF(AZ54="DF",O54,"#") -> # | BK54: =IF(D54="M",O54,"#") -> 0 | BL54: =IF(D54="F",O54,"#") -> # | BP54: =IF(BA54="HMT",AJ54,"#") -> # | BQ54: =IF(BA54="HFT",AJ54,"#") -> # | BR54: =IF(BA54="DMT",AJ54,"#") -> P | BS54: =IF(BA54="DFT",AJ54,"#") -> # | BT54: =IF(BA54="HMNT",AJ54,"#") -> # | BU54: =IF(BA54="HFNT",AJ54,"#") -> # | BV54: =IF(BA54="DMNT",AJ54,"#") -> # | BW54: =IF(BA54="DFNT",AJ54,"#") -> # | BY54: =IF(BA54="HMT",O54,"#") -> # | BZ54: =IF(BA54="HFT",O54,"#") -> # | CA54: =IF(BA54="DMT",O54,"#") -> 0 | CB54: =IF(BA54="DFT",O54,"#") -> # | CC54: =IF(BA54="HMNT",O54,"#") -> # | CD54: =IF(BA54="HFNT",O54,"#") -> # | CE54: =IF(BA54="DMNT",O54,"#") -> # | CF54: =IF(BA54="DFNT",O54,"#") -> # | CG54: =IF(D54="M",O54,"#") -> 0 | CH54: =IF(D54="F",O54,"#") -> # | CK54: =IF(W54=0,"EEP,"," ") | CL54: =IF(X54=0,"POC,"," ") | CM54: =IF(Y54=0,"DAV,"," ") | CN54: =IF(Z54=0,"EP,"," ") | CO54: =IF(AA54=0,"MAD,"," ") | CP54: =IF(AB54=0,"CCP,"," ") | CQ54: =IF(AC54=0,"UIUX,"," ") | CR54: =IF(AD54=0,"DEV,"," ") | CT54: =O54 -> 0 | CU54: =A54 -> 47 | CV54: =B54 -> 24IT0047 | CW54: =C54 -> HARIPANDI N | CX54: =CONCATENATE(CK54,CL54,CM54,CN54,CO54,CP54,CQ54,CR54,CS54) | CY54: =CT54 -> 0 | DA54: =IF(E54="H",O54,"#") -> # | DB54: =IF(E54="D",O54,"#") -> 0
A55: 48 | B55: 24IT0049 | C55: HARISHMA E | D55: F | E55: D | G55: O | H55: A | I55: O | J55: A+ | K55: A+ | L55: A | M55: O | N55: B+ | O55: =COUNTIF(G55:N55,"U")+COUNTIF(G55:N55,"UA")+COUNTIF(G55:N55,"WH") -> 0 | Q55: =AH55 -> 23 | R55: 8.64 | V55: T | W55: =IF(G55="O",10,IF(G55="A+",9,IF(G55="A",8,IF(G55="B+",7,IF(G55="B",6,IF(G55="C",5,IF(G55="RA",0,IF(G55="U",0,IF(G55="UA",0,0))))))))) -> 10 | X55: =IF(H55="O",10,IF(H55="A+",9,IF(H55="A",8,IF(H55="B+",7,IF(H55="B",6,IF(H55="C",5,IF(H55="RA",0,IF(H55="U",0,IF(H55="UA",0,0))))))))) -> 8 | Y55: =IF(I55="O",10,IF(I55="A+",9,IF(I55="A",8,IF(I55="B+",7,IF(I55="B",6,IF(I55="C",5,IF(I55="RA",0,IF(I55="U",0,IF(I55="UA",0,0))))))))) -> 10 | Z55: =IF(J55="O",10,IF(J55="A+",9,IF(J55="A",8,IF(J55="B+",7,IF(J55="B",6,IF(J55="C",5,IF(J55="RA",0,IF(J55="U",0,IF(J55="UA",0,0))))))))) -> 9 | AA55: =IF(K55="O",10,IF(K55="A+",9,IF(K55="A",8,IF(K55="B+",7,IF(K55="B",6,IF(K55="C",5,IF(K55="RA",0,IF(K55="U",0,IF(K55="UA",0,0))))))))) -> 9 | AB55: =IF(L55="O",10,IF(L55="A+",9,IF(L55="A",8,IF(L55="B+",7,IF(L55="B",6,IF(L55="C",5,IF(L55="RA",0,IF(L55="U",0,IF(L55="UA",0,0))))))))) -> 8 | AC55: =IF(M55="O",10,IF(M55="A+",9,IF(M55="A",8,IF(M55="B+",7,IF(M55="B",6,IF(M55="C",5,IF(M55="RA",0,IF(M55="U",0,IF(M55="UA",0,0))))))))) -> 10 | AD55: =IF(N55="O",10,IF(N55="A+",9,IF(N55="A",8,IF(N55="B+",7,IF(N55="B",6,IF(N55="C",5,IF(N55="RA",0,IF(N55="U",0,IF(N55="UA",0,0))))))))) -> 7 | AG55: =(W55*W$7)+(X55*X$7)+(Y55*Y$7)+(Z55*Z$7)+(AA55*AA$7)+(AB55*AB$7)+(AC55*AC$7)+(AD55*AD$7) -> 204 | AH55: =IF(W55=0,0,W$7)+IF(X55=0,0,X$7)+IF(Y55=0,0,Y$7)+IF(Z55=0,0,Z$7)+IF(AA55=0,0,AA$7)+IF(AB55=0,0,AB$7)+IF(AC55=0,0,AC$7)+IF(AD55=0,0,AD$7) -> 23 | AI55: =IF(AH55=0,0,AG55/AH55) -> 8.8695652 | AJ55: =IF(AH55=23,"P","F") -> P | AK55: =IF(F55>179,1,0) -> 0 | AL55: =IF(F55>159,1,0)-AK55 -> 0 | AM55: =IF(F55>139,1,0)-(AK55+AL55) -> 0 | AN55: =IF(F55>119,1,0)-(AK55+AL55+AM55) -> 0 | AO55: =IF(F55>109,1,0)-(AK55+AL55+AM55+AN55) -> 0 | AP55: =IF(F55>=100,1,0)-(AK55+AL55+AM55+AN55+AO55) -> 0 | AQ55: =IF(F55<100,1,0) -> 1 | AS55: =IF(AK55=0,0,AJ55) -> 0 | AT55: =IF(AL55=0,0,AJ55) -> 0 | AU55: =IF(AM55=0,0,AJ55) -> 0 | AV55: =IF(AN55=0,0,AJ55) -> 0 | AW55: =IF(AO55=0,0,AJ55) -> 0 | AX55: =IF(AP55=0,0,AJ55) -> 0 | AY55: =IF(AQ55=0,0,AJ55) -> P | AZ55: =CONCATENATE(E55,D55) -> DF | BA55: =CONCATENATE(AZ55,V55) -> DFT | BB55: =IF(AZ55="HM",AJ55,"#") -> # | BC55: =IF(AZ55="HF",AJ55,"#") -> # | BD55: =IF(AZ55="DM",AJ55,"#") -> # | BE55: =IF(AZ55="DF",AJ55,"#") -> P | BG55: =IF(AZ55="HM",O55,"#") -> # | BH55: =IF(AZ55="HF",O55,"#") -> # | BI55: =IF(AZ55="DM",O55,"#") -> # | BJ55: =IF(AZ55="DF",O55,"#") -> 0 | BK55: =IF(D55="M",O55,"#") -> # | BL55: =IF(D55="F",O55,"#") -> 0 | BP55: =IF(BA55="HMT",AJ55,"#") -> # | BQ55: =IF(BA55="HFT",AJ55,"#") -> # | BR55: =IF(BA55="DMT",AJ55,"#") -> # | BS55: =IF(BA55="DFT",AJ55,"#") -> P | BT55: =IF(BA55="HMNT",AJ55,"#") -> # | BU55: =IF(BA55="HFNT",AJ55,"#") -> # | BV55: =IF(BA55="DMNT",AJ55,"#") -> # | BW55: =IF(BA55="DFNT",AJ55,"#") -> # | BY55: =IF(BA55="HMT",O55,"#") -> # | BZ55: =IF(BA55="HFT",O55,"#") -> # | CA55: =IF(BA55="DMT",O55,"#") -> # | CB55: =IF(BA55="DFT",O55,"#") -> 0 | CC55: =IF(BA55="HMNT",O55,"#") -> # | CD55: =IF(BA55="HFNT",O55,"#") -> # | CE55: =IF(BA55="DMNT",O55,"#") -> # | CF55: =IF(BA55="DFNT",O55,"#") -> # | CG55: =IF(D55="M",O55,"#") -> # | CH55: =IF(D55="F",O55,"#") -> 0 | CK55: =IF(W55=0,"EEP,"," ") | CL55: =IF(X55=0,"POC,"," ") | CM55: =IF(Y55=0,"DAV,"," ") | CN55: =IF(Z55=0,"EP,"," ") | CO55: =IF(AA55=0,"MAD,"," ") | CP55: =IF(AB55=0,"CCP,"," ") | CQ55: =IF(AC55=0,"UIUX,"," ") | CR55: =IF(AD55=0,"DEV,"," ") | CT55: =O55 -> 0 | CU55: =A55 -> 48 | CV55: =B55 -> 24IT0049 | CW55: =C55 -> HARISHMA E | CX55: =CONCATENATE(CK55,CL55,CM55,CN55,CO55,CP55,CQ55,CR55,CS55) | CY55: =CT55 -> 0 | DA55: =IF(E55="H",O55,"#") -> # | DB55: =IF(E55="D",O55,"#") -> 0
A56: 49 | B56: 24IT0050 | C56: IVANJALIN JEROSHA J S | D56: F | E56: H | G56: O | H56: A | I56: A+ | J56: A+ | K56: A+ | L56: B+ | M56: O | N56: A | O56: =COUNTIF(G56:N56,"U")+COUNTIF(G56:N56,"UA")+COUNTIF(G56:N56,"WH") -> 0 | Q56: =AH56 -> 23 | R56: 8.48 | V56: T | W56: =IF(G56="O",10,IF(G56="A+",9,IF(G56="A",8,IF(G56="B+",7,IF(G56="B",6,IF(G56="C",5,IF(G56="RA",0,IF(G56="U",0,IF(G56="UA",0,0))))))))) -> 10 | X56: =IF(H56="O",10,IF(H56="A+",9,IF(H56="A",8,IF(H56="B+",7,IF(H56="B",6,IF(H56="C",5,IF(H56="RA",0,IF(H56="U",0,IF(H56="UA",0,0))))))))) -> 8 | Y56: =IF(I56="O",10,IF(I56="A+",9,IF(I56="A",8,IF(I56="B+",7,IF(I56="B",6,IF(I56="C",5,IF(I56="RA",0,IF(I56="U",0,IF(I56="UA",0,0))))))))) -> 9 | Z56: =IF(J56="O",10,IF(J56="A+",9,IF(J56="A",8,IF(J56="B+",7,IF(J56="B",6,IF(J56="C",5,IF(J56="RA",0,IF(J56="U",0,IF(J56="UA",0,0))))))))) -> 9 | AA56: =IF(K56="O",10,IF(K56="A+",9,IF(K56="A",8,IF(K56="B+",7,IF(K56="B",6,IF(K56="C",5,IF(K56="RA",0,IF(K56="U",0,IF(K56="UA",0,0))))))))) -> 9 | AB56: =IF(L56="O",10,IF(L56="A+",9,IF(L56="A",8,IF(L56="B+",7,IF(L56="B",6,IF(L56="C",5,IF(L56="RA",0,IF(L56="U",0,IF(L56="UA",0,0))))))))) -> 7 | AC56: =IF(M56="O",10,IF(M56="A+",9,IF(M56="A",8,IF(M56="B+",7,IF(M56="B",6,IF(M56="C",5,IF(M56="RA",0,IF(M56="U",0,IF(M56="UA",0,0))))))))) -> 10 | AD56: =IF(N56="O",10,IF(N56="A+",9,IF(N56="A",8,IF(N56="B+",7,IF(N56="B",6,IF(N56="C",5,IF(N56="RA",0,IF(N56="U",0,IF(N56="UA",0,0))))))))) -> 8 | AG56: =(W56*W$7)+(X56*X$7)+(Y56*Y$7)+(Z56*Z$7)+(AA56*AA$7)+(AB56*AB$7)+(AC56*AC$7)+(AD56*AD$7) -> 202 | AH56: =IF(W56=0,0,W$7)+IF(X56=0,0,X$7)+IF(Y56=0,0,Y$7)+IF(Z56=0,0,Z$7)+IF(AA56=0,0,AA$7)+IF(AB56=0,0,AB$7)+IF(AC56=0,0,AC$7)+IF(AD56=0,0,AD$7) -> 23 | AI56: =IF(AH56=0,0,AG56/AH56) -> 8.7826087 | AJ56: =IF(AH56=23,"P","F") -> P | AK56: =IF(F56>179,1,0) -> 0 | AL56: =IF(F56>159,1,0)-AK56 -> 0 | AM56: =IF(F56>139,1,0)-(AK56+AL56) -> 0 | AN56: =IF(F56>119,1,0)-(AK56+AL56+AM56) -> 0 | AO56: =IF(F56>109,1,0)-(AK56+AL56+AM56+AN56) -> 0 | AP56: =IF(F56>=100,1,0)-(AK56+AL56+AM56+AN56+AO56) -> 0 | AQ56: =IF(F56<100,1,0) -> 1 | AS56: =IF(AK56=0,0,AJ56) -> 0 | AT56: =IF(AL56=0,0,AJ56) -> 0 | AU56: =IF(AM56=0,0,AJ56) -> 0 | AV56: =IF(AN56=0,0,AJ56) -> 0 | AW56: =IF(AO56=0,0,AJ56) -> 0 | AX56: =IF(AP56=0,0,AJ56) -> 0 | AY56: =IF(AQ56=0,0,AJ56) -> P | AZ56: =CONCATENATE(E56,D56) -> HF | BA56: =CONCATENATE(AZ56,V56) -> HFT | BB56: =IF(AZ56="HM",AJ56,"#") -> # | BC56: =IF(AZ56="HF",AJ56,"#") -> P | BD56: =IF(AZ56="DM",AJ56,"#") -> # | BE56: =IF(AZ56="DF",AJ56,"#") -> # | BG56: =IF(AZ56="HM",O56,"#") -> # | BH56: =IF(AZ56="HF",O56,"#") -> 0 | BI56: =IF(AZ56="DM",O56,"#") -> # | BJ56: =IF(AZ56="DF",O56,"#") -> # | BK56: =IF(D56="M",O56,"#") -> # | BL56: =IF(D56="F",O56,"#") -> 0 | BP56: =IF(BA56="HMT",AJ56,"#") -> # | BQ56: =IF(BA56="HFT",AJ56,"#") -> P | BR56: =IF(BA56="DMT",AJ56,"#") -> # | BS56: =IF(BA56="DFT",AJ56,"#") -> # | BT56: =IF(BA56="HMNT",AJ56,"#") -> # | BU56: =IF(BA56="HFNT",AJ56,"#") -> # | BV56: =IF(BA56="DMNT",AJ56,"#") -> # | BW56: =IF(BA56="DFNT",AJ56,"#") -> # | BY56: =IF(BA56="HMT",O56,"#") -> # | BZ56: =IF(BA56="HFT",O56,"#") -> 0 | CA56: =IF(BA56="DMT",O56,"#") -> # | CB56: =IF(BA56="DFT",O56,"#") -> # | CC56: =IF(BA56="HMNT",O56,"#") -> # | CD56: =IF(BA56="HFNT",O56,"#") -> # | CE56: =IF(BA56="DMNT",O56,"#") -> # | CF56: =IF(BA56="DFNT",O56,"#") -> # | CG56: =IF(D56="M",O56,"#") -> # | CH56: =IF(D56="F",O56,"#") -> 0 | CK56: =IF(W56=0,"EEP,"," ") | CL56: =IF(X56=0,"POC,"," ") | CM56: =IF(Y56=0,"DAV,"," ") | CN56: =IF(Z56=0,"EP,"," ") | CO56: =IF(AA56=0,"MAD,"," ") | CP56: =IF(AB56=0,"CCP,"," ") | CQ56: =IF(AC56=0,"UIUX,"," ") | CR56: =IF(AD56=0,"DEV,"," ") | CT56: =O56 -> 0 | CU56: =A56 -> 49 | CV56: =B56 -> 24IT0050 | CW56: =C56 -> IVANJALIN JEROSHA J S | CX56: =CONCATENATE(CK56,CL56,CM56,CN56,CO56,CP56,CQ56,CR56,CS56) | CY56: =CT56 -> 0 | DA56: =IF(E56="H",O56,"#") -> 0 | DB56: =IF(E56="D",O56,"#") -> #
A57: 50 | B57: 24IT0051 | C57: J KAVINI | D57: F | E57: D | G57: O | H57: B+ | I57: B+ | J57: A+ | K57: B+ | L57: B | M57: O | N57: B+ | O57: =COUNTIF(G57:N57,"U")+COUNTIF(G57:N57,"UA")+COUNTIF(G57:N57,"WH") -> 0 | Q57: =AH57 -> 23 | R57: 7.4 | V57: T | W57: =IF(G57="O",10,IF(G57="A+",9,IF(G57="A",8,IF(G57="B+",7,IF(G57="B",6,IF(G57="C",5,IF(G57="RA",0,IF(G57="U",0,IF(G57="UA",0,0))))))))) -> 10 | X57: =IF(H57="O",10,IF(H57="A+",9,IF(H57="A",8,IF(H57="B+",7,IF(H57="B",6,IF(H57="C",5,IF(H57="RA",0,IF(H57="U",0,IF(H57="UA",0,0))))))))) -> 7 | Y57: =IF(I57="O",10,IF(I57="A+",9,IF(I57="A",8,IF(I57="B+",7,IF(I57="B",6,IF(I57="C",5,IF(I57="RA",0,IF(I57="U",0,IF(I57="UA",0,0))))))))) -> 7 | Z57: =IF(J57="O",10,IF(J57="A+",9,IF(J57="A",8,IF(J57="B+",7,IF(J57="B",6,IF(J57="C",5,IF(J57="RA",0,IF(J57="U",0,IF(J57="UA",0,0))))))))) -> 9 | AA57: =IF(K57="O",10,IF(K57="A+",9,IF(K57="A",8,IF(K57="B+",7,IF(K57="B",6,IF(K57="C",5,IF(K57="RA",0,IF(K57="U",0,IF(K57="UA",0,0))))))))) -> 7 | AB57: =IF(L57="O",10,IF(L57="A+",9,IF(L57="A",8,IF(L57="B+",7,IF(L57="B",6,IF(L57="C",5,IF(L57="RA",0,IF(L57="U",0,IF(L57="UA",0,0))))))))) -> 6 | AC57: =IF(M57="O",10,IF(M57="A+",9,IF(M57="A",8,IF(M57="B+",7,IF(M57="B",6,IF(M57="C",5,IF(M57="RA",0,IF(M57="U",0,IF(M57="UA",0,0))))))))) -> 10 | AD57: =IF(N57="O",10,IF(N57="A+",9,IF(N57="A",8,IF(N57="B+",7,IF(N57="B",6,IF(N57="C",5,IF(N57="RA",0,IF(N57="U",0,IF(N57="UA",0,0))))))))) -> 7 | AG57: =(W57*W$7)+(X57*X$7)+(Y57*Y$7)+(Z57*Z$7)+(AA57*AA$7)+(AB57*AB$7)+(AC57*AC$7)+(AD57*AD$7) -> 180 | AH57: =IF(W57=0,0,W$7)+IF(X57=0,0,X$7)+IF(Y57=0,0,Y$7)+IF(Z57=0,0,Z$7)+IF(AA57=0,0,AA$7)+IF(AB57=0,0,AB$7)+IF(AC57=0,0,AC$7)+IF(AD57=0,0,AD$7) -> 23 | AI57: =IF(AH57=0,0,AG57/AH57) -> 7.826087 | AJ57: =IF(AH57=23,"P","F") -> P | AK57: =IF(F57>179,1,0) -> 0 | AL57: =IF(F57>159,1,0)-AK57 -> 0 | AM57: =IF(F57>139,1,0)-(AK57+AL57) -> 0 | AN57: =IF(F57>119,1,0)-(AK57+AL57+AM57) -> 0 | AO57: =IF(F57>109,1,0)-(AK57+AL57+AM57+AN57) -> 0 | AP57: =IF(F57>=100,1,0)-(AK57+AL57+AM57+AN57+AO57) -> 0 | AQ57: =IF(F57<100,1,0) -> 1 | AS57: =IF(AK57=0,0,AJ57) -> 0 | AT57: =IF(AL57=0,0,AJ57) -> 0 | AU57: =IF(AM57=0,0,AJ57) -> 0 | AV57: =IF(AN57=0,0,AJ57) -> 0 | AW57: =IF(AO57=0,0,AJ57) -> 0 | AX57: =IF(AP57=0,0,AJ57) -> 0 | AY57: =IF(AQ57=0,0,AJ57) -> P | AZ57: =CONCATENATE(E57,D57) -> DF | BA57: =CONCATENATE(AZ57,V57) -> DFT | BB57: =IF(AZ57="HM",AJ57,"#") -> # | BC57: =IF(AZ57="HF",AJ57,"#") -> # | BD57: =IF(AZ57="DM",AJ57,"#") -> # | BE57: =IF(AZ57="DF",AJ57,"#") -> P | BG57: =IF(AZ57="HM",O57,"#") -> # | BH57: =IF(AZ57="HF",O57,"#") -> # | BI57: =IF(AZ57="DM",O57,"#") -> # | BJ57: =IF(AZ57="DF",O57,"#") -> 0 | BK57: =IF(D57="M",O57,"#") -> # | BL57: =IF(D57="F",O57,"#") -> 0 | BP57: =IF(BA57="HMT",AJ57,"#") -> # | BQ57: =IF(BA57="HFT",AJ57,"#") -> # | BR57: =IF(BA57="DMT",AJ57,"#") -> # | BS57: =IF(BA57="DFT",AJ57,"#") -> P | BT57: =IF(BA57="HMNT",AJ57,"#") -> # | BU57: =IF(BA57="HFNT",AJ57,"#") -> # | BV57: =IF(BA57="DMNT",AJ57,"#") -> # | BW57: =IF(BA57="DFNT",AJ57,"#") -> # | BY57: =IF(BA57="HMT",O57,"#") -> # | BZ57: =IF(BA57="HFT",O57,"#") -> # | CA57: =IF(BA57="DMT",O57,"#") -> # | CB57: =IF(BA57="DFT",O57,"#") -> 0 | CC57: =IF(BA57="HMNT",O57,"#") -> # | CD57: =IF(BA57="HFNT",O57,"#") -> # | CE57: =IF(BA57="DMNT",O57,"#") -> # | CF57: =IF(BA57="DFNT",O57,"#") -> # | CG57: =IF(D57="M",O57,"#") -> # | CH57: =IF(D57="F",O57,"#") -> 0 | CK57: =IF(W57=0,"EEP,"," ") | CL57: =IF(X57=0,"POC,"," ") | CM57: =IF(Y57=0,"DAV,"," ") | CN57: =IF(Z57=0,"EP,"," ") | CO57: =IF(AA57=0,"MAD,"," ") | CP57: =IF(AB57=0,"CCP,"," ") | CQ57: =IF(AC57=0,"UIUX,"," ") | CR57: =IF(AD57=0,"DEV,"," ") | CT57: =O57 -> 0 | CU57: =A57 -> 50 | CV57: =B57 -> 24IT0051 | CW57: =C57 -> J KAVINI | CX57: =CONCATENATE(CK57,CL57,CM57,CN57,CO57,CP57,CQ57,CR57,CS57) | CY57: =CT57 -> 0 | DA57: =IF(E57="H",O57,"#") -> # | DB57: =IF(E57="D",O57,"#") -> 0
... A68: 61 | B68: 24IT0063 | C68: JOSHITHA PRIYA S | D68: F | E68: D | G68: O | H68: A | I68: A+ | J68: O | K68: O | L68: A | M68: O | N68: B+ | O68: =COUNTIF(G68:N68,"U")+COUNTIF(G68:N68,"UA")+COUNTIF(G68:N68,"WH") -> 0 | Q68: =AH68 -> 23 | R68: 8.8 | V68: T | W68: =IF(G68="O",10,IF(G68="A+",9,IF(G68="A",8,IF(G68="B+",7,IF(G68="B",6,IF(G68="C",5,IF(G68="RA",0,IF(G68="U",0,IF(G68="UA",0,0))))))))) -> 10 | X68: =IF(H68="O",10,IF(H68="A+",9,IF(H68="A",8,IF(H68="B+",7,IF(H68="B",6,IF(H68="C",5,IF(H68="RA",0,IF(H68="U",0,IF(H68="UA",0,0))))))))) -> 8 | Y68: =IF(I68="O",10,IF(I68="A+",9,IF(I68="A",8,IF(I68="B+",7,IF(I68="B",6,IF(I68="C",5,IF(I68="RA",0,IF(I68="U",0,IF(I68="UA",0,0))))))))) -> 9 | Z68: =IF(J68="O",10,IF(J68="A+",9,IF(J68="A",8,IF(J68="B+",7,IF(J68="B",6,IF(J68="C",5,IF(J68="RA",0,IF(J68="U",0,IF(J68="UA",0,0))))))))) -> 10 | AA68: =IF(K68="O",10,IF(K68="A+",9,IF(K68="A",8,IF(K68="B+",7,IF(K68="B",6,IF(K68="C",5,IF(K68="RA",0,IF(K68="U",0,IF(K68="UA",0,0))))))))) -> 10 | AB68: =IF(L68="O",10,IF(L68="A+",9,IF(L68="A",8,IF(L68="B+",7,IF(L68="B",6,IF(L68="C",5,IF(L68="RA",0,IF(L68="U",0,IF(L68="UA",0,0))))))))) -> 8 | AC68: =IF(M68="O",10,IF(M68="A+",9,IF(M68="A",8,IF(M68="B+",7,IF(M68="B",6,IF(M68="C",5,IF(M68="RA",0,IF(M68="U",0,IF(M68="UA",0,0))))))))) -> 10 | AD68: =IF(N68="O",10,IF(N68="A+",9,IF(N68="A",8,IF(N68="B+",7,IF(N68="B",6,IF(N68="C",5,IF(N68="RA",0,IF(N68="U",0,IF(N68="UA",0,0))))))))) -> 7 | AG68: =(W68*W$7)+(X68*X$7)+(Y68*Y$7)+(Z68*Z$7)+(AA68*AA$7)+(AB68*AB$7)+(AC68*AC$7)+(AD68*AD$7) -> 207 | AH68: =IF(W68=0,0,W$7)+IF(X68=0,0,X$7)+IF(Y68=0,0,Y$7)+IF(Z68=0,0,Z$7)+IF(AA68=0,0,AA$7)+IF(AB68=0,0,AB$7)+IF(AC68=0,0,AC$7)+IF(AD68=0,0,AD$7) -> 23 | AI68: =IF(AH68=0,0,AG68/AH68) -> 9 | AJ68: =IF(AH68=23,"P","F") -> P | AK68: =IF(F68>179,1,0) -> 0 | AL68: =IF(F68>159,1,0)-AK68 -> 0 | AM68: =IF(F68>139,1,0)-(AK68+AL68) -> 0 | AN68: =IF(F68>119,1,0)-(AK68+AL68+AM68) -> 0 | AO68: =IF(F68>109,1,0)-(AK68+AL68+AM68+AN68) -> 0 | AP68: =IF(F68>=100,1,0)-(AK68+AL68+AM68+AN68+AO68) -> 0 | AQ68: =IF(F68<100,1,0) -> 1 | AS68: =IF(AK68=0,0,AJ68) -> 0 | AT68: =IF(AL68=0,0,AJ68) -> 0 | AU68: =IF(AM68=0,0,AJ68) -> 0 | AV68: =IF(AN68=0,0,AJ68) -> 0 | AW68: =IF(AO68=0,0,AJ68) -> 0 | AX68: =IF(AP68=0,0,AJ68) -> 0 | AY68: =IF(AQ68=0,0,AJ68) -> P | AZ68: =CONCATENATE(E68,D68) -> DF | BA68: =CONCATENATE(AZ68,V68) -> DFT | BB68: =IF(AZ68="HM",AJ68,"#") -> # | BC68: =IF(AZ68="HF",AJ68,"#") -> # | BD68: =IF(AZ68="DM",AJ68,"#") -> # | BE68: =IF(AZ68="DF",AJ68,"#") -> P | BG68: =IF(AZ68="HM",O68,"#") -> # | BH68: =IF(AZ68="HF",O68,"#") -> # | BI68: =IF(AZ68="DM",O68,"#") -> # | BJ68: =IF(AZ68="DF",O68,"#") -> 0 | BK68: =IF(D68="M",O68,"#") -> # | BL68: =IF(D68="F",O68,"#") -> 0 | BP68: =IF(BA68="HMT",AJ68,"#") -> # | BQ68: =IF(BA68="HFT",AJ68,"#") -> # | BR68: =IF(BA68="DMT",AJ68,"#") -> # | BS68: =IF(BA68="DFT",AJ68,"#") -> P | BT68: =IF(BA68="HMNT",AJ68,"#") -> # | BU68: =IF(BA68="HFNT",AJ68,"#") -> # | BV68: =IF(BA68="DMNT",AJ68,"#") -> # | BW68: =IF(BA68="DFNT",AJ68,"#") -> # | BY68: =IF(BA68="HMT",O68,"#") -> # | BZ68: =IF(BA68="HFT",O68,"#") -> # | CA68: =IF(BA68="DMT",O68,"#") -> # | CB68: =IF(BA68="DFT",O68,"#") -> 0 | CC68: =IF(BA68="HMNT",O68,"#") -> # | CD68: =IF(BA68="HFNT",O68,"#") -> # | CE68: =IF(BA68="DMNT",O68,"#") -> # | CF68: =IF(BA68="DFNT",O68,"#") -> # | CG68: =IF(D68="M",O68,"#") -> # | CH68: =IF(D68="F",O68,"#") -> 0 | CK68: =IF(W68=0,"EEP,"," ") | CL68: =IF(X68=0,"POC,"," ") | CM68: =IF(Y68=0,"DAV,"," ") | CN68: =IF(Z68=0,"EP,"," ") | CO68: =IF(AA68=0,"MAD,"," ") | CP68: =IF(AB68=0,"CCP,"," ") | CQ68: =IF(AC68=0,"UIUX,"," ") | CR68: =IF(AD68=0,"DEV,"," ") | CT68: =O68 -> 0 | CU68: =A68 -> 61 | CV68: =B68 -> 24IT0063 | CW68: =C68 -> JOSHITHA PRIYA S | CX68: =CONCATENATE(CK68,CL68,CM68,CN68,CO68,CP68,CQ68,CR68,CS68) | CY68: =CT68 -> 0 | DA68: =IF(E68="H",O68,"#") -> # | DB68: =IF(E68="D",O68,"#") -> 0
A69: 62 | B69: 24IT0064 | C69: JOTHI PRABHA V | D69: F | E69: H | G69: O | H69: B+ | I69: O | J69: O | K69: A | L69: A | M69: O | N69: B+ | O69: =COUNTIF(G69:N69,"U")+COUNTIF(G69:N69,"UA")+COUNTIF(G69:N69,"WH") -> 0 | Q69: =AH69 -> 23 | R69: 8.52 | V69: T | W69: =IF(G69="O",10,IF(G69="A+",9,IF(G69="A",8,IF(G69="B+",7,IF(G69="B",6,IF(G69="C",5,IF(G69="RA",0,IF(G69="U",0,IF(G69="UA",0,0))))))))) -> 10 | X69: =IF(H69="O",10,IF(H69="A+",9,IF(H69="A",8,IF(H69="B+",7,IF(H69="B",6,IF(H69="C",5,IF(H69="RA",0,IF(H69="U",0,IF(H69="UA",0,0))))))))) -> 7 | Y69: =IF(I69="O",10,IF(I69="A+",9,IF(I69="A",8,IF(I69="B+",7,IF(I69="B",6,IF(I69="C",5,IF(I69="RA",0,IF(I69="U",0,IF(I69="UA",0,0))))))))) -> 10 | Z69: =IF(J69="O",10,IF(J69="A+",9,IF(J69="A",8,IF(J69="B+",7,IF(J69="B",6,IF(J69="C",5,IF(J69="RA",0,IF(J69="U",0,IF(J69="UA",0,0))))))))) -> 10 | AA69: =IF(K69="O",10,IF(K69="A+",9,IF(K69="A",8,IF(K69="B+",7,IF(K69="B",6,IF(K69="C",5,IF(K69="RA",0,IF(K69="U",0,IF(K69="UA",0,0))))))))) -> 8 | AB69: =IF(L69="O",10,IF(L69="A+",9,IF(L69="A",8,IF(L69="B+",7,IF(L69="B",6,IF(L69="C",5,IF(L69="RA",0,IF(L69="U",0,IF(L69="UA",0,0))))))))) -> 8 | AC69: =IF(M69="O",10,IF(M69="A+",9,IF(M69="A",8,IF(M69="B+",7,IF(M69="B",6,IF(M69="C",5,IF(M69="RA",0,IF(M69="U",0,IF(M69="UA",0,0))))))))) -> 10 | AD69: =IF(N69="O",10,IF(N69="A+",9,IF(N69="A",8,IF(N69="B+",7,IF(N69="B",6,IF(N69="C",5,IF(N69="RA",0,IF(N69="U",0,IF(N69="UA",0,0))))))))) -> 7 | AG69: =(W69*W$7)+(X69*X$7)+(Y69*Y$7)+(Z69*Z$7)+(AA69*AA$7)+(AB69*AB$7)+(AC69*AC$7)+(AD69*AD$7) -> 201 | AH69: =IF(W69=0,0,W$7)+IF(X69=0,0,X$7)+IF(Y69=0,0,Y$7)+IF(Z69=0,0,Z$7)+IF(AA69=0,0,AA$7)+IF(AB69=0,0,AB$7)+IF(AC69=0,0,AC$7)+IF(AD69=0,0,AD$7) -> 23 | AI69: =IF(AH69=0,0,AG69/AH69) -> 8.7391304 | AJ69: =IF(AH69=23,"P","F") -> P | AK69: =IF(F69>179,1,0) -> 0 | AL69: =IF(F69>159,1,0)-AK69 -> 0 | AM69: =IF(F69>139,1,0)-(AK69+AL69) -> 0 | AN69: =IF(F69>119,1,0)-(AK69+AL69+AM69) -> 0 | AO69: =IF(F69>109,1,0)-(AK69+AL69+AM69+AN69) -> 0 | AP69: =IF(F69>=100,1,0)-(AK69+AL69+AM69+AN69+AO69) -> 0 | AQ69: =IF(F69<100,1,0) -> 1 | AS69: =IF(AK69=0,0,AJ69) -> 0 | AT69: =IF(AL69=0,0,AJ69) -> 0 | AU69: =IF(AM69=0,0,AJ69) -> 0 | AV69: =IF(AN69=0,0,AJ69) -> 0 | AW69: =IF(AO69=0,0,AJ69) -> 0 | AX69: =IF(AP69=0,0,AJ69) -> 0 | AY69: =IF(AQ69=0,0,AJ69) -> P | AZ69: =CONCATENATE(E69,D69) -> HF | BA69: =CONCATENATE(AZ69,V69) -> HFT | BB69: =IF(AZ69="HM",AJ69,"#") -> # | BC69: =IF(AZ69="HF",AJ69,"#") -> P | BD69: =IF(AZ69="DM",AJ69,"#") -> # | BE69: =IF(AZ69="DF",AJ69,"#") -> # | BG69: =IF(AZ69="HM",O69,"#") -> # | BH69: =IF(AZ69="HF",O69,"#") -> 0 | BI69: =IF(AZ69="DM",O69,"#") -> # | BJ69: =IF(AZ69="DF",O69,"#") -> # | BK69: =IF(D69="M",O69,"#") -> # | BL69: =IF(D69="F",O69,"#") -> 0 | BP69: =IF(BA69="HMT",AJ69,"#") -> # | BQ69: =IF(BA69="HFT",AJ69,"#") -> P | BR69: =IF(BA69="DMT",AJ69,"#") -> # | BS69: =IF(BA69="DFT",AJ69,"#") -> # | BT69: =IF(BA69="HMNT",AJ69,"#") -> # | BU69: =IF(BA69="HFNT",AJ69,"#") -> # | BV69: =IF(BA69="DMNT",AJ69,"#") -> # | BW69: =IF(BA69="DFNT",AJ69,"#") -> # | BY69: =IF(BA69="HMT",O69,"#") -> # | BZ69: =IF(BA69="HFT",O69,"#") -> 0 | CA69: =IF(BA69="DMT",O69,"#") -> # | CB69: =IF(BA69="DFT",O69,"#") -> # | CC69: =IF(BA69="HMNT",O69,"#") -> # | CD69: =IF(BA69="HFNT",O69,"#") -> # | CE69: =IF(BA69="DMNT",O69,"#") -> # | CF69: =IF(BA69="DFNT",O69,"#") -> # | CG69: =IF(D69="M",O69,"#") -> # | CH69: =IF(D69="F",O69,"#") -> 0 | CK69: =IF(W69=0,"EEP,"," ") | CL69: =IF(X69=0,"POC,"," ") | CM69: =IF(Y69=0,"DAV,"," ") | CN69: =IF(Z69=0,"EP,"," ") | CO69: =IF(AA69=0,"MAD,"," ") | CP69: =IF(AB69=0,"CCP,"," ") | CQ69: =IF(AC69=0,"UIUX,"," ") | CR69: =IF(AD69=0,"DEV,"," ") | CT69: =O69 -> 0 | CU69: =A69 -> 62 | CV69: =B69 -> 24IT0064 | CW69: =C69 -> JOTHI PRABHA V | CX69: =CONCATENATE(CK69,CL69,CM69,CN69,CO69,CP69,CQ69,CR69) | CY69: =CT69 -> 0 | DA69: =IF(E69="H",O69,"#") -> 0 | DB69: =IF(E69="D",O69,"#") -> #
A70: 63 | B70: 24IT0065 | C70: KAMALIKA J | D70: F | E70: D | G70: O | H70: O | I70: O | J70: O | K70: O | L70: A | M70: O | N70: B+ | O70: =COUNTIF(G70:N70,"U")+COUNTIF(G70:N70,"UA")+COUNTIF(G70:N70,"WH") -> 0 | Q70: =AH70 -> 23 | R70: 9.2 | V70: T | W70: =IF(G70="O",10,IF(G70="A+",9,IF(G70="A",8,IF(G70="B+",7,IF(G70="B",6,IF(G70="C",5,IF(G70="RA",0,IF(G70="U",0,IF(G70="UA",0,0))))))))) -> 10 | X70: =IF(H70="O",10,IF(H70="A+",9,IF(H70="A",8,IF(H70="B+",7,IF(H70="B",6,IF(H70="C",5,IF(H70="RA",0,IF(H70="U",0,IF(H70="UA",0,0))))))))) -> 10 | Y70: =IF(I70="O",10,IF(I70="A+",9,IF(I70="A",8,IF(I70="B+",7,IF(I70="B",6,IF(I70="C",5,IF(I70="RA",0,IF(I70="U",0,IF(I70="UA",0,0))))))))) -> 10 | Z70: =IF(J70="O",10,IF(J70="A+",9,IF(J70="A",8,IF(J70="B+",7,IF(J70="B",6,IF(J70="C",5,IF(J70="RA",0,IF(J70="U",0,IF(J70="UA",0,0))))))))) -> 10 | AA70: =IF(K70="O",10,IF(K70="A+",9,IF(K70="A",8,IF(K70="B+",7,IF(K70="B",6,IF(K70="C",5,IF(K70="RA",0,IF(K70="U",0,IF(K70="UA",0,0))))))))) -> 10 | AB70: =IF(L70="O",10,IF(L70="A+",9,IF(L70="A",8,IF(L70="B+",7,IF(L70="B",6,IF(L70="C",5,IF(L70="RA",0,IF(L70="U",0,IF(L70="UA",0,0))))))))) -> 8 | AC70: =IF(M70="O",10,IF(M70="A+",9,IF(M70="A",8,IF(M70="B+",7,IF(M70="B",6,IF(M70="C",5,IF(M70="RA",0,IF(M70="U",0,IF(M70="UA",0,0))))))))) -> 10 | AD70: =IF(N70="O",10,IF(N70="A+",9,IF(N70="A",8,IF(N70="B+",7,IF(N70="B",6,IF(N70="C",5,IF(N70="RA",0,IF(N70="U",0,IF(N70="UA",0,0))))))))) -> 7 | AG70: =(W70*W$7)+(X70*X$7)+(Y70*Y$7)+(Z70*Z$7)+(AA70*AA$7)+(AB70*AB$7)+(AC70*AC$7)+(AD70*AD$7) -> 219 | AH70: =IF(W70=0,0,W$7)+IF(X70=0,0,X$7)+IF(Y70=0,0,Y$7)+IF(Z70=0,0,Z$7)+IF(AA70=0,0,AA$7)+IF(AB70=0,0,AB$7)+IF(AC70=0,0,AC$7)+IF(AD70=0,0,AD$7) -> 23 | AI70: =IF(AH70=0,0,AG70/AH70) -> 9.5217391 | AJ70: =IF(AH70=23,"P","F") -> P | AK70: =IF(F70>179,1,0) -> 0 | AL70: =IF(F70>159,1,0)-AK70 -> 0 | AM70: =IF(F70>139,1,0)-(AK70+AL70) -> 0 | AN70: =IF(F70>119,1,0)-(AK70+AL70+AM70) -> 0 | AO70: =IF(F70>109,1,0)-(AK70+AL70+AM70+AN70) -> 0 | AP70: =IF(F70>=100,1,0)-(AK70+AL70+AM70+AN70+AO70) -> 0 | AQ70: =IF(F70<100,1,0) -> 1 | AS70: =IF(AK70=0,0,AJ70) -> 0 | AT70: =IF(AL70=0,0,AJ70) -> 0 | AU70: =IF(AM70=0,0,AJ70) -> 0 | AV70: =IF(AN70=0,0,AJ70) -> 0 | AW70: =IF(AO70=0,0,AJ70) -> 0 | AX70: =IF(AP70=0,0,AJ70) -> 0 | AY70: =IF(AQ70=0,0,AJ70) -> P | AZ70: =CONCATENATE(E70,D70) -> DF | BA70: =CONCATENATE(AZ70,V70) -> DFT | BB70: =IF(AZ70="HM",AJ70,"#") -> # | BC70: =IF(AZ70="HF",AJ70,"#") -> # | BD70: =IF(AZ70="DM",AJ70,"#") -> # | BE70: =IF(AZ70="DF",AJ70,"#") -> P | BG70: =IF(AZ70="HM",O70,"#") -> # | BH70: =IF(AZ70="HF",O70,"#") -> # | BI70: =IF(AZ70="DM",O70,"#") -> # | BJ70: =IF(AZ70="DF",O70,"#") -> 0 | BK70: =IF(D70="M",O70,"#") -> # | BL70: =IF(D70="F",O70,"#") -> 0 | BP70: =IF(BA70="HMT",AJ70,"#") -> # | BQ70: =IF(BA70="HFT",AJ70,"#") -> # | BR70: =IF(BA70="DMT",AJ70,"#") -> # | BS70: =IF(BA70="DFT",AJ70,"#") -> P | BT70: =IF(BA70="HMNT",AJ70,"#") -> # | BU70: =IF(BA70="HFNT",AJ70,"#") -> # | BV70: =IF(BA70="DMNT",AJ70,"#") -> # | BW70: =IF(BA70="DFNT",AJ70,"#") -> # | BY70: =IF(BA70="HMT",O70,"#") -> # | BZ70: =IF(BA70="HFT",O70,"#") -> # | CA70: =IF(BA70="DMT",O70,"#") -> # | CB70: =IF(BA70="DFT",O70,"#") -> 0 | CC70: =IF(BA70="HMNT",O70,"#") -> # | CD70: =IF(BA70="HFNT",O70,"#") -> # | CE70: =IF(BA70="DMNT",O70,"#") -> # | CF70: =IF(BA70="DFNT",O70,"#") -> # | CG70: =IF(D70="M",O70,"#") -> # | CH70: =IF(D70="F",O70,"#") -> 0 | CK70: =IF(W70=0,"EEP,"," ") | CL70: =IF(X70=0,"POC,"," ") | CM70: =IF(Y70=0,"DAV,"," ") | CN70: =IF(Z70=0,"EP,"," ") | CO70: =IF(AA70=0,"MAD,"," ") | CP70: =IF(AB70=0,"CCP,"," ") | CQ70: =IF(AC70=0,"UIUX,"," ") | CR70: =IF(AD70=0,"DEV,"," ") | CT70: =O70 -> 0 | CU70: =A70 -> 63 | CV70: =B70 -> 24IT0065 | CW70: =C70 -> KAMALIKA J | CX70: =CONCATENATE(CK70,CL70,CM70,CN70,CO70,CP70,CQ70,CR70) | CY70: =CT70 -> 0 | DA70: =IF(E70="H",O70,"#") -> # | DB70: =IF(E70="D",O70,"#") -> 0
A71: 64 | B71: 24IT0066 | C71: KANAGA ABISHEK B | D71: M | E71: D | G71: O | H71: A | I71: A | J71: A+ | K71: A | L71: B+ | M71: O | N71: B+ | O71: =COUNTIF(G71:N71,"U")+COUNTIF(G71:N71,"UA")+COUNTIF(G71:N71,"WH") -> 0 | Q71: =AH71 -> 23 | R71: 8 | V71: T | W71: =IF(G71="O",10,IF(G71="A+",9,IF(G71="A",8,IF(G71="B+",7,IF(G71="B",6,IF(G71="C",5,IF(G71="RA",0,IF(G71="U",0,IF(G71="UA",0,0))))))))) -> 10 | X71: =IF(H71="O",10,IF(H71="A+",9,IF(H71="A",8,IF(H71="B+",7,IF(H71="B",6,IF(H71="C",5,IF(H71="RA",0,IF(H71="U",0,IF(H71="UA",0,0))))))))) -> 8 | Y71: =IF(I71="O",10,IF(I71="A+",9,IF(I71="A",8,IF(I71="B+",7,IF(I71="B",6,IF(I71="C",5,IF(I71="RA",0,IF(I71="U",0,IF(I71="UA",0,0))))))))) -> 8 | Z71: =IF(J71="O",10,IF(J71="A+",9,IF(J71="A",8,IF(J71="B+",7,IF(J71="B",6,IF(J71="C",5,IF(J71="RA",0,IF(J71="U",0,IF(J71="UA",0,0))))))))) -> 9 | AA71: =IF(K71="O",10,IF(K71="A+",9,IF(K71="A",8,IF(K71="B+",7,IF(K71="B",6,IF(K71="C",5,IF(K71="RA",0,IF(K71="U",0,IF(K71="UA",0,0))))))))) -> 8 | AB71: =IF(L71="O",10,IF(L71="A+",9,IF(L71="A",8,IF(L71="B+",7,IF(L71="B",6,IF(L71="C",5,IF(L71="RA",0,IF(L71="U",0,IF(L71="UA",0,0))))))))) -> 7 | AC71: =IF(M71="O",10,IF(M71="A+",9,IF(M71="A",8,IF(M71="B+",7,IF(M71="B",6,IF(M71="C",5,IF(M71="RA",0,IF(M71="U",0,IF(M71="UA",0,0))))))))) -> 10 | AD71: =IF(N71="O",10,IF(N71="A+",9,IF(N71="A",8,IF(N71="B+",7,IF(N71="B",6,IF(N71="C",5,IF(N71="RA",0,IF(N71="U",0,IF(N71="UA",0,0))))))))) -> 7 | AG71: =(W71*W$7)+(X71*X$7)+(Y71*Y$7)+(Z71*Z$7)+(AA71*AA$7)+(AB71*AB$7)+(AC71*AC$7)+(AD71*AD$7) -> 192 | AH71: =IF(W71=0,0,W$7)+IF(X71=0,0,X$7)+IF(Y71=0,0,Y$7)+IF(Z71=0,0,Z$7)+IF(AA71=0,0,AA$7)+IF(AB71=0,0,AB$7)+IF(AC71=0,0,AC$7)+IF(AD71=0,0,AD$7) -> 23 | AI71: =IF(AH71=0,0,AG71/AH71) -> 8.3478261 | AJ71: =IF(AH71=23,"P","F") -> P | AK71: =IF(F71>179,1,0) -> 0 | AL71: =IF(F71>159,1,0)-AK71 -> 0 | AM71: =IF(F71>139,1,0)-(AK71+AL71) -> 0 | AN71: =IF(F71>119,1,0)-(AK71+AL71+AM71) -> 0 | AO71: =IF(F71>109,1,0)-(AK71+AL71+AM71+AN71) -> 0 | AP71: =IF(F71>=100,1,0)-(AK71+AL71+AM71+AN71+AO71) -> 0 | AQ71: =IF(F71<100,1,0) -> 1 | AS71: =IF(AK71=0,0,AJ71) -> 0 | AT71: =IF(AL71=0,0,AJ71) -> 0 | AU71: =IF(AM71=0,0,AJ71) -> 0 | AV71: =IF(AN71=0,0,AJ71) -> 0 | AW71: =IF(AO71=0,0,AJ71) -> 0 | AX71: =IF(AP71=0,0,AJ71) -> 0 | AY71: =IF(AQ71=0,0,AJ71) -> P | AZ71: =CONCATENATE(E71,D71) -> DM | BA71: =CONCATENATE(AZ71,V71) -> DMT | BB71: =IF(AZ71="HM",AJ71,"#") -> # | BC71: =IF(AZ71="HF",AJ71,"#") -> # | BD71: =IF(AZ71="DM",AJ71,"#") -> P | BE71: =IF(AZ71="DF",AJ71,"#") -> # | BG71: =IF(AZ71="HM",O71,"#") -> # | BH71: =IF(AZ71="HF",O71,"#") -> # | BI71: =IF(AZ71="DM",O71,"#") -> 0 | BJ71: =IF(AZ71="DF",O71,"#") -> # | BK71: =IF(D71="M",O71,"#") -> 0 | BL71: =IF(D71="F",O71,"#") -> # | BP71: =IF(BA71="HMT",AJ71,"#") -> # | BQ71: =IF(BA71="HFT",AJ71,"#") -> # | BR71: =IF(BA71="DMT",AJ71,"#") -> P | BS71: =IF(BA71="DFT",AJ71,"#") -> # | BT71: =IF(BA71="HMNT",AJ71,"#") -> # | BU71: =IF(BA71="HFNT",AJ71,"#") -> # | BV71: =IF(BA71="DMNT",AJ71,"#") -> # | BW71: =IF(BA71="DFNT",AJ71,"#") -> # | BY71: =IF(BA71="HMT",O71,"#") -> # | BZ71: =IF(BA71="HFT",O71,"#") -> # | CA71: =IF(BA71="DMT",O71,"#") -> 0 | CB71: =IF(BA71="DFT",O71,"#") -> # | CC71: =IF(BA71="HMNT",O71,"#") -> # | CD71: =IF(BA71="HFNT",O71,"#") -> # | CE71: =IF(BA71="DMNT",O71,"#") -> # | CF71: =IF(BA71="DFNT",O71,"#") -> # | CG71: =IF(D71="M",O71,"#") -> 0 | CH71: =IF(D71="F",O71,"#") -> # | CK71: =IF(W71=0,"EEP,"," ") | CL71: =IF(X71=0,"POC,"," ") | CM71: =IF(Y71=0,"DAV,"," ") | CN71: =IF(Z71=0,"EP,"," ") | CO71: =IF(AA71=0,"MAD,"," ") | CP71: =IF(AB71=0,"CCP,"," ") | CQ71: =IF(AC71=0,"UIUX,"," ") | CR71: =IF(AD71=0,"DEV,"," ") | CT71: =O71 -> 0 | CU71: =A71 -> 64 | CV71: =B71 -> 24IT0066 | CW71: =C71 -> KANAGA ABISHEK B | CX71: =CONCATENATE(CK71,CL71,CM71,CN71,CO71,CP71,CQ71,CR71) | CY71: =CT71 -> 0 | DA71: =IF(E71="H",O71,"#") -> # | DB71: =IF(E71="D",O71,"#") -> 0
A72: 65 | B72: 24IT0067 | C72: KARTHIK R | D72: M | E72: D | G72: O | H72: B+ | I72: A | J72: A+ | K72: B+ | L72: B | M72: O | N72: B+ | O72: =COUNTIF(G72:N72,"U")+COUNTIF(G72:N72,"UA")+COUNTIF(G72:N72,"WH") -> 0 | Q72: =AH72 -> 23 | R72: 7.56 | V72: T | W72: =IF(G72="O",10,IF(G72="A+",9,IF(G72="A",8,IF(G72="B+",7,IF(G72="B",6,IF(G72="C",5,IF(G72="RA",0,IF(G72="U",0,IF(G72="UA",0,0))))))))) -> 10 | X72: =IF(H72="O",10,IF(H72="A+",9,IF(H72="A",8,IF(H72="B+",7,IF(H72="B",6,IF(H72="C",5,IF(H72="RA",0,IF(H72="U",0,IF(H72="UA",0,0))))))))) -> 7 | Y72: =IF(I72="O",10,IF(I72="A+",9,IF(I72="A",8,IF(I72="B+",7,IF(I72="B",6,IF(I72="C",5,IF(I72="RA",0,IF(I72="U",0,IF(I72="UA",0,0))))))))) -> 8 | Z72: =IF(J72="O",10,IF(J72="A+",9,IF(J72="A",8,IF(J72="B+",7,IF(J72="B",6,IF(J72="C",5,IF(J72="RA",0,IF(J72="U",0,IF(J72="UA",0,0))))))))) -> 9 | AA72: =IF(K72="O",10,IF(K72="A+",9,IF(K72="A",8,IF(K72="B+",7,IF(K72="B",6,IF(K72="C",5,IF(K72="RA",0,IF(K72="U",0,IF(K72="UA",0,0))))))))) -> 7 | AB72: =IF(L72="O",10,IF(L72="A+",9,IF(L72="A",8,IF(L72="B+",7,IF(L72="B",6,IF(L72="C",5,IF(L72="RA",0,IF(L72="U",0,IF(L72="UA",0,0))))))))) -> 6 | AC72: =IF(M72="O",10,IF(M72="A+",9,IF(M72="A",8,IF(M72="B+",7,IF(M72="B",6,IF(M72="C",5,IF(M72="RA",0,IF(M72="U",0,IF(M72="UA",0,0))))))))) -> 10 | AD72: =IF(N72="O",10,IF(N72="A+",9,IF(N72="A",8,IF(N72="B+",7,IF(N72="B",6,IF(N72="C",5,IF(N72="RA",0,IF(N72="U",0,IF(N72="UA",0,0))))))))) -> 7 | AG72: =(W72*W$7)+(X72*X$7)+(Y72*Y$7)+(Z72*Z$7)+(AA72*AA$7)+(AB72*AB$7)+(AC72*AC$7)+(AD72*AD$7) -> 184 | AH72: =IF(W72=0,0,W$7)+IF(X72=0,0,X$7)+IF(Y72=0,0,Y$7)+IF(Z72=0,0,Z$7)+IF(AA72=0,0,AA$7)+IF(AB72=0,0,AB$7)+IF(AC72=0,0,AC$7)+IF(AD72=0,0,AD$7) -> 23 | AI72: =IF(AH72=0,0,AG72/AH72) -> 8 | AJ72: =IF(AH72=23,"P","F") -> P | AK72: =IF(F72>179,1,0) -> 0 | AL72: =IF(F72>159,1,0)-AK72 -> 0 | AM72: =IF(F72>139,1,0)-(AK72+AL72) -> 0 | AN72: =IF(F72>119,1,0)-(AK72+AL72+AM72) -> 0 | AO72: =IF(F72>109,1,0)-(AK72+AL72+AM72+AN72) -> 0 | AP72: =IF(F72>=100,1,0)-(AK72+AL72+AM72+AN72+AO72) -> 0 | AQ72: =IF(F72<100,1,0) -> 1 | AS72: =IF(AK72=0,0,AJ72) -> 0 | AT72: =IF(AL72=0,0,AJ72) -> 0 | AU72: =IF(AM72=0,0,AJ72) -> 0 | AV72: =IF(AN72=0,0,AJ72) -> 0 | AW72: =IF(AO72=0,0,AJ72) -> 0 | AX72: =IF(AP72=0,0,AJ72) -> 0 | AY72: =IF(AQ72=0,0,AJ72) -> P | AZ72: =CONCATENATE(E72,D72) -> DM | BA72: =CONCATENATE(AZ72,V72) -> DMT | BB72: =IF(AZ72="HM",AJ72,"#") -> # | BC72: =IF(AZ72="HF",AJ72,"#") -> # | BD72: =IF(AZ72="DM",AJ72,"#") -> P | BE72: =IF(AZ72="DF",AJ72,"#") -> # | BG72: =IF(AZ72="HM",O72,"#") -> # | BH72: =IF(AZ72="HF",O72,"#") -> # | BI72: =IF(AZ72="DM",O72,"#") -> 0 | BJ72: =IF(AZ72="DF",O72,"#") -> # | BK72: =IF(D72="M",O72,"#") -> 0 | BL72: =IF(D72="F",O72,"#") -> # | BP72: =IF(BA72="HMT",AJ72,"#") -> # | BQ72: =IF(BA72="HFT",AJ72,"#") -> # | BR72: =IF(BA72="DMT",AJ72,"#") -> P | BS72: =IF(BA72="DFT",AJ72,"#") -> # | BT72: =IF(BA72="HMNT",AJ72,"#") -> # | BU72: =IF(BA72="HFNT",AJ72,"#") -> # | BV72: =IF(BA72="DMNT",AJ72,"#") -> # | BW72: =IF(BA72="DFNT",AJ72,"#") -> # | BY72: =IF(BA72="HMT",O72,"#") -> # | BZ72: =IF(BA72="HFT",O72,"#") -> # | CA72: =IF(BA72="DMT",O72,"#") -> 0 | CB72: =IF(BA72="DFT",O72,"#") -> # | CC72: =IF(BA72="HMNT",O72,"#") -> # | CD72: =IF(BA72="HFNT",O72,"#") -> # | CE72: =IF(BA72="DMNT",O72,"#") -> # | CF72: =IF(BA72="DFNT",O72,"#") -> # | CG72: =IF(D72="M",O72,"#") -> 0 | CH72: =IF(D72="F",O72,"#") -> # | CK72: =IF(W72=0,"EEP,"," ") | CL72: =IF(X72=0,"POC,"," ") | CM72: =IF(Y72=0,"DAV,"," ") | CN72: =IF(Z72=0,"EP,"," ") | CO72: =IF(AA72=0,"MAD,"," ") | CP72: =IF(AB72=0,"CCP,"," ") | CQ72: =IF(AC72=0,"UIUX,"," ") | CR72: =IF(AD72=0,"DEV,"," ") | CT72: =O72 -> 0 | CU72: =A72 -> 65 | CV72: =B72 -> 24IT0067 | CW72: =C72 -> KARTHIK R | CX72: =CONCATENATE(CK72,CL72,CM72,CN72,CO72,CP72,CQ72,CR72) | CY72: =CT72 -> 0 | DA72: =IF(E72="H",O72,"#") -> # | DB72: =IF(E72="D",O72,"#") -> 0
A73: 66 | B73: 24IT0068 | C73: KARTHIKEYAN MAHENDRAN | D73: M | E73: H | G73: O | H73: A | I73: O | J73: O | K73: O | L73: A | M73: O | N73: B+ | O73: =COUNTIF(G73:N73,"U")+COUNTIF(G73:N73,"UA")+COUNTIF(G73:N73,"WH") -> 0 | Q73: =AH73 -> 23 | R73: 8.96 | V73: T | W73: =IF(G73="O",10,IF(G73="A+",9,IF(G73="A",8,IF(G73="B+",7,IF(G73="B",6,IF(G73="C",5,IF(G73="RA",0,IF(G73="U",0,IF(G73="UA",0,0))))))))) -> 10 | X73: =IF(H73="O",10,IF(H73="A+",9,IF(H73="A",8,IF(H73="B+",7,IF(H73="B",6,IF(H73="C",5,IF(H73="RA",0,IF(H73="U",0,IF(H73="UA",0,0))))))))) -> 8 | Y73: =IF(I73="O",10,IF(I73="A+",9,IF(I73="A",8,IF(I73="B+",7,IF(I73="B",6,IF(I73="C",5,IF(I73="RA",0,IF(I73="U",0,IF(I73="UA",0,0))))))))) -> 10 | Z73: =IF(J73="O",10,IF(J73="A+",9,IF(J73="A",8,IF(J73="B+",7,IF(J73="B",6,IF(J73="C",5,IF(J73="RA",0,IF(J73="U",0,IF(J73="UA",0,0))))))))) -> 10 | AA73: =IF(K73="O",10,IF(K73="A+",9,IF(K73="A",8,IF(K73="B+",7,IF(K73="B",6,IF(K73="C",5,IF(K73="RA",0,IF(K73="U",0,IF(K73="UA",0,0))))))))) -> 10 | AB73: =IF(L73="O",10,IF(L73="A+",9,IF(L73="A",8,IF(L73="B+",7,IF(L73="B",6,IF(L73="C",5,IF(L73="RA",0,IF(L73="U",0,IF(L73="UA",0,0))))))))) -> 8 | AC73: =IF(M73="O",10,IF(M73="A+",9,IF(M73="A",8,IF(M73="B+",7,IF(M73="B",6,IF(M73="C",5,IF(M73="RA",0,IF(M73="U",0,IF(M73="UA",0,0))))))))) -> 10 | AD73: =IF(N73="O",10,IF(N73="A+",9,IF(N73="A",8,IF(N73="B+",7,IF(N73="B",6,IF(N73="C",5,IF(N73="RA",0,IF(N73="U",0,IF(N73="UA",0,0))))))))) -> 7 | AG73: =(W73*W$7)+(X73*X$7)+(Y73*Y$7)+(Z73*Z$7)+(AA73*AA$7)+(AB73*AB$7)+(AC73*AC$7)+(AD73*AD$7) -> 211 | AH73: =IF(W73=0,0,W$7)+IF(X73=0,0,X$7)+IF(Y73=0,0,Y$7)+IF(Z73=0,0,Z$7)+IF(AA73=0,0,AA$7)+IF(AB73=0,0,AB$7)+IF(AC73=0,0,AC$7)+IF(AD73=0,0,AD$7) -> 23 | AI73: =IF(AH73=0,0,AG73/AH73) -> 9.173913 | AJ73: =IF(AH73=23,"P","F") -> P | AK73: =IF(F73>179,1,0) -> 0 | AL73: =IF(F73>159,1,0)-AK73 -> 0 | AM73: =IF(F73>139,1,0)-(AK73+AL73) -> 0 | AN73: =IF(F73>119,1,0)-(AK73+AL73+AM73) -> 0 | AO73: =IF(F73>109,1,0)-(AK73+AL73+AM73+AN73) -> 0 | AP73: =IF(F73>=100,1,0)-(AK73+AL73+AM73+AN73+AO73) -> 0 | AQ73: =IF(F73<100,1,0) -> 1 | AS73: =IF(AK73=0,0,AJ73) -> 0 | AT73: =IF(AL73=0,0,AJ73) -> 0 | AU73: =IF(AM73=0,0,AJ73) -> 0 | AV73: =IF(AN73=0,0,AJ73) -> 0 | AW73: =IF(AO73=0,0,AJ73) -> 0 | AX73: =IF(AP73=0,0,AJ73) -> 0 | AY73: =IF(AQ73=0,0,AJ73) -> P | AZ73: =CONCATENATE(E73,D73) -> HM | BA73: =CONCATENATE(AZ73,V73) -> HMT | BB73: =IF(AZ73="HM",AJ73,"#") -> P | BC73: =IF(AZ73="HF",AJ73,"#") -> # | BD73: =IF(AZ73="DM",AJ73,"#") -> # | BE73: =IF(AZ73="DF",AJ73,"#") -> # | BG73: =IF(AZ73="HM",O73,"#") -> 0 | BH73: =IF(AZ73="HF",O73,"#") -> # | BI73: =IF(AZ73="DM",O73,"#") -> # | BJ73: =IF(AZ73="DF",O73,"#") -> # | BK73: =IF(D73="M",O73,"#") -> 0 | BL73: =IF(D73="F",O73,"#") -> # | BP73: =IF(BA73="HMT",AJ73,"#") -> P | BQ73: =IF(BA73="HFT",AJ73,"#") -> # | BR73: =IF(BA73="DMT",AJ73,"#") -> # | BS73: =IF(BA73="DFT",AJ73,"#") -> # | BT73: =IF(BA73="HMNT",AJ73,"#") -> # | BU73: =IF(BA73="HFNT",AJ73,"#") -> # | BV73: =IF(BA73="DMNT",AJ73,"#") -> # | BW73: =IF(BA73="DFNT",AJ73,"#") -> # | BY73: =IF(BA73="HMT",O73,"#") -> 0 | BZ73: =IF(BA73="HFT",O73,"#") -> # | CA73: =IF(BA73="DMT",O73,"#") -> # | CB73: =IF(BA73="DFT",O73,"#") -> # | CC73: =IF(BA73="HMNT",O73,"#") -> # | CD73: =IF(BA73="HFNT",O73,"#") -> # | CE73: =IF(BA73="DMNT",O73,"#") -> # | CF73: =IF(BA73="DFNT",O73,"#") -> # | CG73: =IF(D73="M",O73,"#") -> 0 | CH73: =IF(D73="F",O73,"#") -> # | CK73: =IF(W73=0,"EEP,"," ") | CL73: =IF(X73=0,"POC,"," ") | CM73: =IF(Y73=0,"DAV,"," ") | CN73: =IF(Z73=0,"EP,"," ") | CO73: =IF(AA73=0,"MAD,"," ") | CP73: =IF(AB73=0,"CCP,"," ") | CQ73: =IF(AC73=0,"UIUX,"," ") | CR73: =IF(AD73=0,"DEV,"," ") | CT73: =O73 -> 0 | CU73: =A73 -> 66 | CV73: =B73 -> 24IT0068 | CW73: =C73 -> KARTHIKEYAN MAHENDRAN | CX73: =CONCATENATE(CK73,CL73,CM73,CN73,CO73,CP73,CQ73,CR73) | CY73: =CT73 -> 0 | DA73: =IF(E73="H",O73,"#") -> 0 | DB73: =IF(E73="D",O73,"#") -> #
A74: 67 | B74: 24IT0069 | C74: KAVIN S | D74: M | E74: D | G74: O | H74: A | I74: B+ | J74: A+ | K74: B | L74: B | M74: O | N74: B+ | O74: =COUNTIF(G74:N74,"U")+COUNTIF(G74:N74,"UA")+COUNTIF(G74:N74,"WH") -> 0 | Q74: =AH74 -> 23 | R74: 7.36 | V74: T | W74: =IF(G74="O",10,IF(G74="A+",9,IF(G74="A",8,IF(G74="B+",7,IF(G74="B",6,IF(G74="C",5,IF(G74="RA",0,IF(G74="U",0,IF(G74="UA",0,0))))))))) -> 10 | X74: =IF(H74="O",10,IF(H74="A+",9,IF(H74="A",8,IF(H74="B+",7,IF(H74="B",6,IF(H74="C",5,IF(H74="RA",0,IF(H74="U",0,IF(H74="UA",0,0))))))))) -> 8 | Y74: =IF(I74="O",10,IF(I74="A+",9,IF(I74="A",8,IF(I74="B+",7,IF(I74="B",6,IF(I74="C",5,IF(I74="RA",0,IF(I74="U",0,IF(I74="UA",0,0))))))))) -> 7 | Z74: =IF(J74="O",10,IF(J74="A+",9,IF(J74="A",8,IF(J74="B+",7,IF(J74="B",6,IF(J74="C",5,IF(J74="RA",0,IF(J74="U",0,IF(J74="UA",0,0))))))))) -> 9 | AA74: =IF(K74="O",10,IF(K74="A+",9,IF(K74="A",8,IF(K74="B+",7,IF(K74="B",6,IF(K74="C",5,IF(K74="RA",0,IF(K74="U",0,IF(K74="UA",0,0))))))))) -> 6 | AB74: =IF(L74="O",10,IF(L74="A+",9,IF(L74="A",8,IF(L74="B+",7,IF(L74="B",6,IF(L74="C",5,IF(L74="RA",0,IF(L74="U",0,IF(L74="UA",0,0))))))))) -> 6 | AC74: =IF(M74="O",10,IF(M74="A+",9,IF(M74="A",8,IF(M74="B+",7,IF(M74="B",6,IF(M74="C",5,IF(M74="RA",0,IF(M74="U",0,IF(M74="UA",0,0))))))))) -> 10 | AD74: =IF(N74="O",10,IF(N74="A+",9,IF(N74="A",8,IF(N74="B+",7,IF(N74="B",6,IF(N74="C",5,IF(N74="RA",0,IF(N74="U",0,IF(N74="UA",0,0))))))))) -> 7 | AG74: =(W74*W$7)+(X74*X$7)+(Y74*Y$7)+(Z74*Z$7)+(AA74*AA$7)+(AB74*AB$7)+(AC74*AC$7)+(AD74*AD$7) -> 181 | AH74: =IF(W74=0,0,W$7)+IF(X74=0,0,X$7)+IF(Y74=0,0,Y$7)+IF(Z74=0,0,Z$7)+IF(AA74=0,0,AA$7)+IF(AB74=0,0,AB$7)+IF(AC74=0,0,AC$7)+IF(AD74=0,0,AD$7) -> 23 | AI74: =IF(AH74=0,0,AG74/AH74) -> 7.8695652 | AJ74: =IF(AH74=23,"P","F") -> P | AK74: =IF(F74>179,1,0) -> 0 | AL74: =IF(F74>159,1,0)-AK74 -> 0 | AM74: =IF(F74>139,1,0)-(AK74+AL74) -> 0 | AN74: =IF(F74>119,1,0)-(AK74+AL74+AM74) -> 0 | AO74: =IF(F74>109,1,0)-(AK74+AL74+AM74+AN74) -> 0 | AP74: =IF(F74>=100,1,0)-(AK74+AL74+AM74+AN74+AO74) -> 0 | AQ74: =IF(F74<100,1,0) -> 1 | AS74: =IF(AK74=0,0,AJ74) -> 0 | AT74: =IF(AL74=0,0,AJ74) -> 0 | AU74: =IF(AM74=0,0,AJ74) -> 0 | AV74: =IF(AN74=0,0,AJ74) -> 0 | AW74: =IF(AO74=0,0,AJ74) -> 0 | AX74: =IF(AP74=0,0,AJ74) -> 0 | AY74: =IF(AQ74=0,0,AJ74) -> P | AZ74: =CONCATENATE(E74,D74) -> DM | BA74: =CONCATENATE(AZ74,V74) -> DMT | BB74: =IF(AZ74="HM",AJ74,"#") -> # | BC74: =IF(AZ74="HF",AJ74,"#") -> # | BD74: =IF(AZ74="DM",AJ74,"#") -> P | BE74: =IF(AZ74="DF",AJ74,"#") -> # | BG74: =IF(AZ74="HM",O74,"#") -> # | BH74: =IF(AZ74="HF",O74,"#") -> # | BI74: =IF(AZ74="DM",O74,"#") -> 0 | BJ74: =IF(AZ74="DF",O74,"#") -> # | BK74: =IF(D74="M",O74,"#") -> 0 | BL74: =IF(D74="F",O74,"#") -> # | BP74: =IF(BA74="HMT",AJ74,"#") -> # | BQ74: =IF(BA74="HFT",AJ74,"#") -> # | BR74: =IF(BA74="DMT",AJ74,"#") -> P | BS74: =IF(BA74="DFT",AJ74,"#") -> # | BT74: =IF(BA74="HMNT",AJ74,"#") -> # | BU74: =IF(BA74="HFNT",AJ74,"#") -> # | BV74: =IF(BA74="DMNT",AJ74,"#") -> # | BW74: =IF(BA74="DFNT",AJ74,"#") -> # | BY74: =IF(BA74="HMT",O74,"#") -> # | BZ74: =IF(BA74="HFT",O74,"#") -> # | CA74: =IF(BA74="DMT",O74,"#") -> 0 | CB74: =IF(BA74="DFT",O74,"#") -> # | CC74: =IF(BA74="HMNT",O74,"#") -> # | CD74: =IF(BA74="HFNT",O74,"#") -> # | CE74: =IF(BA74="DMNT",O74,"#") -> # | CF74: =IF(BA74="DFNT",O74,"#") -> # | CG74: =IF(D74="M",O74,"#") -> 0 | CH74: =IF(D74="F",O74,"#") -> # | CK74: =IF(W74=0,"EEP,"," ") | CL74: =IF(X74=0,"POC,"," ") | CM74: =IF(Y74=0,"DAV,"," ") | CN74: =IF(Z74=0,"EP,"," ") | CO74: =IF(AA74=0,"MAD,"," ") | CP74: =IF(AB74=0,"CCP,"," ") | CQ74: =IF(AC74=0,"UIUX,"," ") | CR74: =IF(AD74=0,"DEV,"," ") | CT74: =O74 -> 0 | CU74: =A74 -> 67 | CV74: =B74 -> 24IT0069 | CW74: =C74 -> KAVIN S | CX74: =CONCATENATE(CK74,CL74,CM74,CN74,CO74,CP74,CQ74,CR74) | CY74: =CT74 -> 0 | DA74: =IF(E74="H",O74,"#") -> # | DB74: =IF(E74="D",O74,"#") -> 0
A75: 68 | B75: 24IT0070 | C75: KAVINDRA K | D75: F | E75: D | G75: O | H75: A+ | I75: O | J75: O | K75: A | L75: A | M75: O | N75: B+ | O75: =COUNTIF(G75:N75,"U")+COUNTIF(G75:N75,"UA")+COUNTIF(G75:N75,"WH") -> 0 | Q75: =AH75 -> 23 | R75: 8.76 | V75: T | W75: =IF(G75="O",10,IF(G75="A+",9,IF(G75="A",8,IF(G75="B+",7,IF(G75="B",6,IF(G75="C",5,IF(G75="RA",0,IF(G75="U",0,IF(G75="UA",0,0))))))))) -> 10 | X75: =IF(H75="O",10,IF(H75="A+",9,IF(H75="A",8,IF(H75="B+",7,IF(H75="B",6,IF(H75="C",5,IF(H75="RA",0,IF(H75="U",0,IF(H75="UA",0,0))))))))) -> 9 | Y75: =IF(I75="O",10,IF(I75="A+",9,IF(I75="A",8,IF(I75="B+",7,IF(I75="B",6,IF(I75="C",5,IF(I75="RA",0,IF(I75="U",0,IF(I75="UA",0,0))))))))) -> 10 | Z75: =IF(J75="O",10,IF(J75="A+",9,IF(J75="A",8,IF(J75="B+",7,IF(J75="B",6,IF(J75="C",5,IF(J75="RA",0,IF(J75="U",0,IF(J75="UA",0,0))))))))) -> 10 | AA75: =IF(K75="O",10,IF(K75="A+",9,IF(K75="A",8,IF(K75="B+",7,IF(K75="B",6,IF(K75="C",5,IF(K75="RA",0,IF(K75="U",0,IF(K75="UA",0,0))))))))) -> 8 | AB75: =IF(L75="O",10,IF(L75="A+",9,IF(L75="A",8,IF(L75="B+",7,IF(L75="B",6,IF(L75="C",5,IF(L75="RA",0,IF(L75="U",0,IF(L75="UA",0,0))))))))) -> 8 | AC75: =IF(M75="O",10,IF(M75="A+",9,IF(M75="A",8,IF(M75="B+",7,IF(M75="B",6,IF(M75="C",5,IF(M75="RA",0,IF(M75="U",0,IF(M75="UA",0,0))))))))) -> 10 | AD75: =IF(N75="O",10,IF(N75="A+",9,IF(N75="A",8,IF(N75="B+",7,IF(N75="B",6,IF(N75="C",5,IF(N75="RA",0,IF(N75="U",0,IF(N75="UA",0,0))))))))) -> 7 | AG75: =(W75*W$7)+(X75*X$7)+(Y75*Y$7)+(Z75*Z$7)+(AA75*AA$7)+(AB75*AB$7)+(AC75*AC$7)+(AD75*AD$7) -> 209 | AH75: =IF(W75=0,0,W$7)+IF(X75=0,0,X$7)+IF(Y75=0,0,Y$7)+IF(Z75=0,0,Z$7)+IF(AA75=0,0,AA$7)+IF(AB75=0,0,AB$7)+IF(AC75=0,0,AC$7)+IF(AD75=0,0,AD$7) -> 23 | AI75: =IF(AH75=0,0,AG75/AH75) -> 9.0869565 | AJ75: =IF(AH75=23,"P","F") -> P | AK75: =IF(F75>179,1,0) -> 0 | AL75: =IF(F75>159,1,0)-AK75 -> 0 | AM75: =IF(F75>139,1,0)-(AK75+AL75) -> 0 | AN75: =IF(F75>119,1,0)-(AK75+AL75+AM75) -> 0 | AO75: =IF(F75>109,1,0)-(AK75+AL75+AM75+AN75) -> 0 | AP75: =IF(F75>=100,1,0)-(AK75+AL75+AM75+AN75+AO75) -> 0 | AQ75: =IF(F75<100,1,0) -> 1 | AS75: =IF(AK75=0,0,AJ75) -> 0 | AT75: =IF(AL75=0,0,AJ75) -> 0 | AU75: =IF(AM75=0,0,AJ75) -> 0 | AV75: =IF(AN75=0,0,AJ75) -> 0 | AW75: =IF(AO75=0,0,AJ75) -> 0 | AX75: =IF(AP75=0,0,AJ75) -> 0 | AY75: =IF(AQ75=0,0,AJ75) -> P | AZ75: =CONCATENATE(E75,D75) -> DF | BA75: =CONCATENATE(AZ75,V75) -> DFT | BB75: =IF(AZ75="HM",AJ75,"#") -> # | BC75: =IF(AZ75="HF",AJ75,"#") -> # | BD75: =IF(AZ75="DM",AJ75,"#") -> # | BE75: =IF(AZ75="DF",AJ75,"#") -> P | BG75: =IF(AZ75="HM",O75,"#") -> # | BH75: =IF(AZ75="HF",O75,"#") -> # | BI75: =IF(AZ75="DM",O75,"#") -> # | BJ75: =IF(AZ75="DF",O75,"#") -> 0 | BK75: =IF(D75="M",O75,"#") -> # | BL75: =IF(D75="F",O75,"#") -> 0 | BP75: =IF(BA75="HMT",AJ75,"#") -> # | BQ75: =IF(BA75="HFT",AJ75,"#") -> # | BR75: =IF(BA75="DMT",AJ75,"#") -> # | BS75: =IF(BA75="DFT",AJ75,"#") -> P | BT75: =IF(BA75="HMNT",AJ75,"#") -> # | BU75: =IF(BA75="HFNT",AJ75,"#") -> # | BV75: =IF(BA75="DMNT",AJ75,"#") -> # | BW75: =IF(BA75="DFNT",AJ75,"#") -> # | BY75: =IF(BA75="HMT",O75,"#") -> # | BZ75: =IF(BA75="HFT",O75,"#") -> # | CA75: =IF(BA75="DMT",O75,"#") -> # | CB75: =IF(BA75="DFT",O75,"#") -> 0 | CC75: =IF(BA75="HMNT",O75,"#") -> # | CD75: =IF(BA75="HFNT",O75,"#") -> # | CE75: =IF(BA75="DMNT",O75,"#") -> # | CF75: =IF(BA75="DFNT",O75,"#") -> # | CG75: =IF(D75="M",O75,"#") -> # | CH75: =IF(D75="F",O75,"#") -> 0 | CK75: =IF(W75=0,"EEP,"," ") | CL75: =IF(X75=0,"POC,"," ") | CM75: =IF(Y75=0,"DAV,"," ") | CN75: =IF(Z75=0,"EP,"," ") | CO75: =IF(AA75=0,"MAD,"," ") | CP75: =IF(AB75=0,"CCP,"," ") | CQ75: =IF(AC75=0,"UIUX,"," ") | CR75: =IF(AD75=0,"DEV,"," ") | CT75: =O75 -> 0 | CU75: =A75 -> 68 | CV75: =B75 -> 24IT0070 | CW75: =C75 -> KAVINDRA K | CX75: =CONCATENATE(CK75,CL75,CM75,CN75,CO75,CP75,CQ75,CR75) | CY75: =CT75 -> 0 | DA75: =IF(E75="H",O75,"#") -> # | DB75: =IF(E75="D",O75,"#") -> 0
A76: 69 | B76: 24IT0071 | C76: KAVIYAN T | D76: M | E76: H | G76: O | H76: A | I76: A+ | J76: A+ | K76: A | L76: A | M76: O | N76: B+ | O76: =COUNTIF(G76:N76,"U")+COUNTIF(G76:N76,"UA")+COUNTIF(G76:N76,"WH") -> 0 | Q76: =AH76 -> 23 | R76: 8.32 | V76: T | W76: =IF(G76="O",10,IF(G76="A+",9,IF(G76="A",8,IF(G76="B+",7,IF(G76="B",6,IF(G76="C",5,IF(G76="RA",0,IF(G76="U",0,IF(G76="UA",0,0))))))))) -> 10 | X76: =IF(H76="O",10,IF(H76="A+",9,IF(H76="A",8,IF(H76="B+",7,IF(H76="B",6,IF(H76="C",5,IF(H76="RA",0,IF(H76="U",0,IF(H76="UA",0,0))))))))) -> 8 | Y76: =IF(I76="O",10,IF(I76="A+",9,IF(I76="A",8,IF(I76="B+",7,IF(I76="B",6,IF(I76="C",5,IF(I76="RA",0,IF(I76="U",0,IF(I76="UA",0,0))))))))) -> 9 | Z76: =IF(J76="O",10,IF(J76="A+",9,IF(J76="A",8,IF(J76="B+",7,IF(J76="B",6,IF(J76="C",5,IF(J76="RA",0,IF(J76="U",0,IF(J76="UA",0,0))))))))) -> 9 | AA76: =IF(K76="O",10,IF(K76="A+",9,IF(K76="A",8,IF(K76="B+",7,IF(K76="B",6,IF(K76="C",5,IF(K76="RA",0,IF(K76="U",0,IF(K76="UA",0,0))))))))) -> 8 | AB76: =IF(L76="O",10,IF(L76="A+",9,IF(L76="A",8,IF(L76="B+",7,IF(L76="B",6,IF(L76="C",5,IF(L76="RA",0,IF(L76="U",0,IF(L76="UA",0,0))))))))) -> 8 | AC76: =IF(M76="O",10,IF(M76="A+",9,IF(M76="A",8,IF(M76="B+",7,IF(M76="B",6,IF(M76="C",5,IF(M76="RA",0,IF(M76="U",0,IF(M76="UA",0,0))))))))) -> 10 | AD76: =IF(N76="O",10,IF(N76="A+",9,IF(N76="A",8,IF(N76="B+",7,IF(N76="B",6,IF(N76="C",5,IF(N76="RA",0,IF(N76="U",0,IF(N76="UA",0,0))))))))) -> 7 | AG76: =(W76*W$7)+(X76*X$7)+(Y76*Y$7)+(Z76*Z$7)+(AA76*AA$7)+(AB76*AB$7)+(AC76*AC$7)+(AD76*AD$7) -> 197 | AH76: =IF(W76=0,0,W$7)+IF(X76=0,0,X$7)+IF(Y76=0,0,Y$7)+IF(Z76=0,0,Z$7)+IF(AA76=0,0,AA$7)+IF(AB76=0,0,AB$7)+IF(AC76=0,0,AC$7)+IF(AD76=0,0,AD$7) -> 23 | AI76: =IF(AH76=0,0,AG76/AH76) -> 8.5652174 | AJ76: =IF(AH76=23,"P","F") -> P | AK76: =IF(F76>179,1,0) -> 0 | AL76: =IF(F76>159,1,0)-AK76 -> 0 | AM76: =IF(F76>139,1,0)-(AK76+AL76) -> 0 | AN76: =IF(F76>119,1,0)-(AK76+AL76+AM76) -> 0 | AO76: =IF(F76>109,1,0)-(AK76+AL76+AM76+AN76) -> 0 | AP76: =IF(F76>=100,1,0)-(AK76+AL76+AM76+AN76+AO76) -> 0 | AQ76: =IF(F76<100,1,0) -> 1 | AS76: =IF(AK76=0,0,AJ76) -> 0 | AT76: =IF(AL76=0,0,AJ76) -> 0 | AU76: =IF(AM76=0,0,AJ76) -> 0 | AV76: =IF(AN76=0,0,AJ76) -> 0 | AW76: =IF(AO76=0,0,AJ76) -> 0 | AX76: =IF(AP76=0,0,AJ76) -> 0 | AY76: =IF(AQ76=0,0,AJ76) -> P | AZ76: =CONCATENATE(E76,D76) -> HM | BA76: =CONCATENATE(AZ76,V76) -> HMT | BB76: =IF(AZ76="HM",AJ76,"#") -> P | BC76: =IF(AZ76="HF",AJ76,"#") -> # | BD76: =IF(AZ76="DM",AJ76,"#") -> # | BE76: =IF(AZ76="DF",AJ76,"#") -> # | BG76: =IF(AZ76="HM",O76,"#") -> 0 | BH76: =IF(AZ76="HF",O76,"#") -> # | BI76: =IF(AZ76="DM",O76,"#") -> # | BJ76: =IF(AZ76="DF",O76,"#") -> # | BK76: =IF(D76="M",O76,"#") -> 0 | BL76: =IF(D76="F",O76,"#") -> # | BP76: =IF(BA76="HMT",AJ76,"#") -> P | BQ76: =IF(BA76="HFT",AJ76,"#") -> # | BR76: =IF(BA76="DMT",AJ76,"#") -> # | BS76: =IF(BA76="DFT",AJ76,"#") -> # | BT76: =IF(BA76="HMNT",AJ76,"#") -> # | BU76: =IF(BA76="HFNT",AJ76,"#") -> # | BV76: =IF(BA76="DMNT",AJ76,"#") -> # | BW76: =IF(BA76="DFNT",AJ76,"#") -> # | BY76: =IF(BA76="HMT",O76,"#") -> 0 | BZ76: =IF(BA76="HFT",O76,"#") -> # | CA76: =IF(BA76="DMT",O76,"#") -> # | CB76: =IF(BA76="DFT",O76,"#") -> # | CC76: =IF(BA76="HMNT",O76,"#") -> # | CD76: =IF(BA76="HFNT",O76,"#") -> # | CE76: =IF(BA76="DMNT",O76,"#") -> # | CF76: =IF(BA76="DFNT",O76,"#") -> # | CG76: =IF(D76="M",O76,"#") -> 0 | CH76: =IF(D76="F",O76,"#") -> # | CK76: =IF(W76=0,"EEP,"," ") | CL76: =IF(X76=0,"POC,"," ") | CM76: =IF(Y76=0,"DAV,"," ") | CN76: =IF(Z76=0,"EP,"," ") | CO76: =IF(AA76=0,"MAD,"," ") | CP76: =IF(AB76=0,"CCP,"," ") | CQ76: =IF(AC76=0,"UIUX,"," ") | CR76: =IF(AD76=0,"DEV,"," ") | CT76: =O76 -> 0 | CU76: =A76 -> 69 | CV76: =B76 -> 24IT0071 | CW76: =C76 -> KAVIYAN T | CX76: =CONCATENATE(CK76,CL76,CM76,CN76,CO76,CP76,CQ76,CR76) | CY76: =CT76 -> 0 | DA76: =IF(E76="H",O76,"#") -> 0 | DB76: =IF(E76="D",O76,"#") -> #
A77: 70 | B77: 24IT0072 | C77: KAVYA SADHANA S | D77: F | E77: H | G77: O | H77: A | I77: O | J77: O | K77: A | L77: A | M77: O | N77: B+ | O77: =COUNTIF(G77:N77,"U")+COUNTIF(G77:N77,"UA")+COUNTIF(G77:N77,"WH") -> 0 | Q77: =AH77 -> 23 | R77: 8.64 | V77: T | W77: =IF(G77="O",10,IF(G77="A+",9,IF(G77="A",8,IF(G77="B+",7,IF(G77="B",6,IF(G77="C",5,IF(G77="RA",0,IF(G77="U",0,IF(G77="UA",0,0))))))))) -> 10 | X77: =IF(H77="O",10,IF(H77="A+",9,IF(H77="A",8,IF(H77="B+",7,IF(H77="B",6,IF(H77="C",5,IF(H77="RA",0,IF(H77="U",0,IF(H77="UA",0,0))))))))) -> 8 | Y77: =IF(I77="O",10,IF(I77="A+",9,IF(I77="A",8,IF(I77="B+",7,IF(I77="B",6,IF(I77="C",5,IF(I77="RA",0,IF(I77="U",0,IF(I77="UA",0,0))))))))) -> 10 | Z77: =IF(J77="O",10,IF(J77="A+",9,IF(J77="A",8,IF(J77="B+",7,IF(J77="B",6,IF(J77="C",5,IF(J77="RA",0,IF(J77="U",0,IF(J77="UA",0,0))))))))) -> 10 | AA77: =IF(K77="O",10,IF(K77="A+",9,IF(K77="A",8,IF(K77="B+",7,IF(K77="B",6,IF(K77="C",5,IF(K77="RA",0,IF(K77="U",0,IF(K77="UA",0,0))))))))) -> 8 | AB77: =IF(L77="O",10,IF(L77="A+",9,IF(L77="A",8,IF(L77="B+",7,IF(L77="B",6,IF(L77="C",5,IF(L77="RA",0,IF(L77="U",0,IF(L77="UA",0,0))))))))) -> 8 | AC77: =IF(M77="O",10,IF(M77="A+",9,IF(M77="A",8,IF(M77="B+",7,IF(M77="B",6,IF(M77="C",5,IF(M77="RA",0,IF(M77="U",0,IF(M77="UA",0,0))))))))) -> 10 | AD77: =IF(N77="O",10,IF(N77="A+",9,IF(N77="A",8,IF(N77="B+",7,IF(N77="B",6,IF(N77="C",5,IF(N77="RA",0,IF(N77="U",0,IF(N77="UA",0,0))))))))) -> 7 | AG77: =(W77*W$7)+(X77*X$7)+(Y77*Y$7)+(Z77*Z$7)+(AA77*AA$7)+(AB77*AB$7)+(AC77*AC$7)+(AD77*AD$7) -> 205 | AH77: =IF(W77=0,0,W$7)+IF(X77=0,0,X$7)+IF(Y77=0,0,Y$7)+IF(Z77=0,0,Z$7)+IF(AA77=0,0,AA$7)+IF(AB77=0,0,AB$7)+IF(AC77=0,0,AC$7)+IF(AD77=0,0,AD$7) -> 23 | AI77: =IF(AH77=0,0,AG77/AH77) -> 8.9130435 | AJ77: =IF(AH77=23,"P","F") -> P | AK77: =IF(F77>179,1,0) -> 0 | AL77: =IF(F77>159,1,0)-AK77 -> 0 | AM77: =IF(F77>139,1,0)-(AK77+AL77) -> 0 | AN77: =IF(F77>119,1,0)-(AK77+AL77+AM77) -> 0 | AO77: =IF(F77>109,1,0)-(AK77+AL77+AM77+AN77) -> 0 | AP77: =IF(F77>=100,1,0)-(AK77+AL77+AM77+AN77+AO77) -> 0 | AQ77: =IF(F77<100,1,0) -> 1 | AS77: =IF(AK77=0,0,AJ77) -> 0 | AT77: =IF(AL77=0,0,AJ77) -> 0 | AU77: =IF(AM77=0,0,AJ77) -> 0 | AV77: =IF(AN77=0,0,AJ77) -> 0 | AW77: =IF(AO77=0,0,AJ77) -> 0 | AX77: =IF(AP77=0,0,AJ77) -> 0 | AY77: =IF(AQ77=0,0,AJ77) -> P | AZ77: =CONCATENATE(E77,D77) -> HF | BA77: =CONCATENATE(AZ77,V77) -> HFT | BB77: =IF(AZ77="HM",AJ77,"#") -> # | BC77: =IF(AZ77="HF",AJ77,"#") -> P | BD77: =IF(AZ77="DM",AJ77,"#") -> # | BE77: =IF(AZ77="DF",AJ77,"#") -> # | BG77: =IF(AZ77="HM",O77,"#") -> # | BH77: =IF(AZ77="HF",O77,"#") -> 0 | BI77: =IF(AZ77="DM",O77,"#") -> # | BJ77: =IF(AZ77="DF",O77,"#") -> # | BK77: =IF(D77="M",O77,"#") -> # | BL77: =IF(D77="F",O77,"#") -> 0 | BP77: =IF(BA77="HMT",AJ77,"#") -> # | BQ77: =IF(BA77="HFT",AJ77,"#") -> P | BR77: =IF(BA77="DMT",AJ77,"#") -> # | BS77: =IF(BA77="DFT",AJ77,"#") -> # | BT77: =IF(BA77="HMNT",AJ77,"#") -> # | BU77: =IF(BA77="HFNT",AJ77,"#") -> # | BV77: =IF(BA77="DMNT",AJ77,"#") -> # | BW77: =IF(BA77="DFNT",AJ77,"#") -> # | BY77: =IF(BA77="HMT",O77,"#") -> # | BZ77: =IF(BA77="HFT",O77,"#") -> 0 | CA77: =IF(BA77="DMT",O77,"#") -> # | CB77: =IF(BA77="DFT",O77,"#") -> # | CC77: =IF(BA77="HMNT",O77,"#") -> # | CD77: =IF(BA77="HFNT",O77,"#") -> # | CE77: =IF(BA77="DMNT",O77,"#") -> # | CF77: =IF(BA77="DFNT",O77,"#") -> # | CG77: =IF(D77="M",O77,"#") -> # | CH77: =IF(D77="F",O77,"#") -> 0 | CK77: =IF(W77=0,"EEP,"," ") | CL77: =IF(X77=0,"POC,"," ") | CM77: =IF(Y77=0,"DAV,"," ") | CN77: =IF(Z77=0,"EP,"," ") | CO77: =IF(AA77=0,"MAD,"," ") | CP77: =IF(AB77=0,"CCP,"," ") | CQ77: =IF(AC77=0,"UIUX,"," ") | CR77: =IF(AD77=0,"DEV,"," ") | CT77: =O77 -> 0 | CU77: =A77 -> 70 | CV77: =B77 -> 24IT0072 | CW77: =C77 -> KAVYA SADHANA S | CX77: =CONCATENATE(CK77,CL77,CM77,CN77,CO77,CP77,CQ77,CR77) | CY77: =CT77 -> 0 | DA77: =IF(E77="H",O77,"#") -> 0 | DB77: =IF(E77="D",O77,"#") -> #
A78: 71 | B78: 24IT0073 | C78: KEERTHANA R | D78: F | E78: H | G78: O | H78: A | I78: O | J78: O | K78: A+ | L78: A | M78: O | N78: A | O78: =COUNTIF(G78:N78,"U")+COUNTIF(G78:N78,"UA")+COUNTIF(G78:N78,"WH") -> 0 | Q78: =AH78 -> 23 | R78: 8.96 | V78: T | W78: =IF(G78="O",10,IF(G78="A+",9,IF(G78="A",8,IF(G78="B+",7,IF(G78="B",6,IF(G78="C",5,IF(G78="RA",0,IF(G78="U",0,IF(G78="UA",0,0))))))))) -> 10 | X78: =IF(H78="O",10,IF(H78="A+",9,IF(H78="A",8,IF(H78="B+",7,IF(H78="B",6,IF(H78="C",5,IF(H78="RA",0,IF(H78="U",0,IF(H78="UA",0,0))))))))) -> 8 | Y78: =IF(I78="O",10,IF(I78="A+",9,IF(I78="A",8,IF(I78="B+",7,IF(I78="B",6,IF(I78="C",5,IF(I78="RA",0,IF(I78="U",0,IF(I78="UA",0,0))))))))) -> 10 | Z78: =IF(J78="O",10,IF(J78="A+",9,IF(J78="A",8,IF(J78="B+",7,IF(J78="B",6,IF(J78="C",5,IF(J78="RA",0,IF(J78="U",0,IF(J78="UA",0,0))))))))) -> 10 | AA78: =IF(K78="O",10,IF(K78="A+",9,IF(K78="A",8,IF(K78="B+",7,IF(K78="B",6,IF(K78="C",5,IF(K78="RA",0,IF(K78="U",0,IF(K78="UA",0,0))))))))) -> 9 | AB78: =IF(L78="O",10,IF(L78="A+",9,IF(L78="A",8,IF(L78="B+",7,IF(L78="B",6,IF(L78="C",5,IF(L78="RA",0,IF(L78="U",0,IF(L78="UA",0,0))))))))) -> 8 | AC78: =IF(M78="O",10,IF(M78="A+",9,IF(M78="A",8,IF(M78="B+",7,IF(M78="B",6,IF(M78="C",5,IF(M78="RA",0,IF(M78="U",0,IF(M78="UA",0,0))))))))) -> 10 | AD78: =IF(N78="O",10,IF(N78="A+",9,IF(N78="A",8,IF(N78="B+",7,IF(N78="B",6,IF(N78="C",5,IF(N78="RA",0,IF(N78="U",0,IF(N78="UA",0,0))))))))) -> 8 | AG78: =(W78*W$7)+(X78*X$7)+(Y78*Y$7)+(Z78*Z$7)+(AA78*AA$7)+(AB78*AB$7)+(AC78*AC$7)+(AD78*AD$7) -> 211 | AH78: =IF(W78=0,0,W$7)+IF(X78=0,0,X$7)+IF(Y78=0,0,Y$7)+IF(Z78=0,0,Z$7)+IF(AA78=0,0,AA$7)+IF(AB78=0,0,AB$7)+IF(AC78=0,0,AC$7)+IF(AD78=0,0,AD$7) -> 23 | AI78: =IF(AH78=0,0,AG78/AH78) -> 9.173913 | AJ78: =IF(AH78=23,"P","F") -> P | AK78: =IF(F78>179,1,0) -> 0 | AL78: =IF(F78>159,1,0)-AK78 -> 0 | AM78: =IF(F78>139,1,0)-(AK78+AL78) -> 0 | AN78: =IF(F78>119,1,0)-(AK78+AL78+AM78) -> 0 | AO78: =IF(F78>109,1,0)-(AK78+AL78+AM78+AN78) -> 0 | AP78: =IF(F78>=100,1,0)-(AK78+AL78+AM78+AN78+AO78) -> 0 | AQ78: =IF(F78<100,1,0) -> 1 | AS78: =IF(AK78=0,0,AJ78) -> 0 | AT78: =IF(AL78=0,0,AJ78) -> 0 | AU78: =IF(AM78=0,0,AJ78) -> 0 | AV78: =IF(AN78=0,0,AJ78) -> 0 | AW78: =IF(AO78=0,0,AJ78) -> 0 | AX78: =IF(AP78=0,0,AJ78) -> 0 | AY78: =IF(AQ78=0,0,AJ78) -> P | AZ78: =CONCATENATE(E78,D78) -> HF | BA78: =CONCATENATE(AZ78,V78) -> HFT | BB78: =IF(AZ78="HM",AJ78,"#") -> # | BC78: =IF(AZ78="HF",AJ78,"#") -> P | BD78: =IF(AZ78="DM",AJ78,"#") -> # | BE78: =IF(AZ78="DF",AJ78,"#") -> # | BG78: =IF(AZ78="HM",O78,"#") -> # | BH78: =IF(AZ78="HF",O78,"#") -> 0 | BI78: =IF(AZ78="DM",O78,"#") -> # | BJ78: =IF(AZ78="DF",O78,"#") -> # | BK78: =IF(D78="M",O78,"#") -> # | BL78: =IF(D78="F",O78,"#") -> 0 | BP78: =IF(BA78="HMT",AJ78,"#") -> # | BQ78: =IF(BA78="HFT",AJ78,"#") -> P | BR78: =IF(BA78="DMT",AJ78,"#") -> # | BS78: =IF(BA78="DFT",AJ78,"#") -> # | BT78: =IF(BA78="HMNT",AJ78,"#") -> # | BU78: =IF(BA78="HFNT",AJ78,"#") -> # | BV78: =IF(BA78="DMNT",AJ78,"#") -> # | BW78: =IF(BA78="DFNT",AJ78,"#") -> # | BY78: =IF(BA78="HMT",O78,"#") -> # | BZ78: =IF(BA78="HFT",O78,"#") -> 0 | CA78: =IF(BA78="DMT",O78,"#") -> # | CB78: =IF(BA78="DFT",O78,"#") -> # | CC78: =IF(BA78="HMNT",O78,"#") -> # | CD78: =IF(BA78="HFNT",O78,"#") -> # | CE78: =IF(BA78="DMNT",O78,"#") -> # | CF78: =IF(BA78="DFNT",O78,"#") -> # | CG78: =IF(D78="M",O78,"#") -> # | CH78: =IF(D78="F",O78,"#") -> 0 | CK78: =IF(W78=0,"EEP,"," ") | CL78: =IF(X78=0,"POC,"," ") | CM78: =IF(Y78=0,"DAV,"," ") | CN78: =IF(Z78=0,"EP,"," ") | CO78: =IF(AA78=0,"MAD,"," ") | CP78: =IF(AB78=0,"CCP,"," ") | CQ78: =IF(AC78=0,"UIUX,"," ") | CR78: =IF(AD78=0,"DEV,"," ") | CT78: =O78 -> 0 | CU78: =A78 -> 71 | CV78: =B78 -> 24IT0073 | CW78: =C78 -> KEERTHANA R | CX78: =CONCATENATE(CK78,CL78,CM78,CN78,CO78,CP78,CQ78,CR78) | CY78: =CT78 -> 0 | DA78: =IF(E78="H",O78,"#") -> 0 | DB78: =IF(E78="D",O78,"#") -> #
A79: 72 | B79: 24IT0074 | C79: KEERTHIKA T C | D79: F | E79: H | G79: O | H79: B+ | I79: B+ | J79: A+ | K79: B+ | L79: B+ | M79: O | N79: C | O79: =COUNTIF(G79:N79,"U")+COUNTIF(G79:N79,"UA")+COUNTIF(G79:N79,"WH") -> 0 | Q79: =AH79 -> 23 | R79: 7.24 | V79: T | W79: =IF(G79="O",10,IF(G79="A+",9,IF(G79="A",8,IF(G79="B+",7,IF(G79="B",6,IF(G79="C",5,IF(G79="RA",0,IF(G79="U",0,IF(G79="UA",0,0))))))))) -> 10 | X79: =IF(H79="O",10,IF(H79="A+",9,IF(H79="A",8,IF(H79="B+",7,IF(H79="B",6,IF(H79="C",5,IF(H79="RA",0,IF(H79="U",0,IF(H79="UA",0,0))))))))) -> 7 | Y79: =IF(I79="O",10,IF(I79="A+",9,IF(I79="A",8,IF(I79="B+",7,IF(I79="B",6,IF(I79="C",5,IF(I79="RA",0,IF(I79="U",0,IF(I79="UA",0,0))))))))) -> 7 | Z79: =IF(J79="O",10,IF(J79="A+",9,IF(J79="A",8,IF(J79="B+",7,IF(J79="B",6,IF(J79="C",5,IF(J79="RA",0,IF(J79="U",0,IF(J79="UA",0,0))))))))) -> 9 | AA79: =IF(K79="O",10,IF(K79="A+",9,IF(K79="A",8,IF(K79="B+",7,IF(K79="B",6,IF(K79="C",5,IF(K79="RA",0,IF(K79="U",0,IF(K79="UA",0,0))))))))) -> 7 | AB79: =IF(L79="O",10,IF(L79="A+",9,IF(L79="A",8,IF(L79="B+",7,IF(L79="B",6,IF(L79="C",5,IF(L79="RA",0,IF(L79="U",0,IF(L79="UA",0,0))))))))) -> 7 | AC79: =IF(M79="O",10,IF(M79="A+",9,IF(M79="A",8,IF(M79="B+",7,IF(M79="B",6,IF(M79="C",5,IF(M79="RA",0,IF(M79="U",0,IF(M79="UA",0,0))))))))) -> 10 | AD79: =IF(N79="O",10,IF(N79="A+",9,IF(N79="A",8,IF(N79="B+",7,IF(N79="B",6,IF(N79="C",5,IF(N79="RA",0,IF(N79="U",0,IF(N79="UA",0,0))))))))) -> 5 | AG79: =(W79*W$7)+(X79*X$7)+(Y79*Y$7)+(Z79*Z$7)+(AA79*AA$7)+(AB79*AB$7)+(AC79*AC$7)+(AD79*AD$7) -> 175 | AH79: =IF(W79=0,0,W$7)+IF(X79=0,0,X$7)+IF(Y79=0,0,Y$7)+IF(Z79=0,0,Z$7)+IF(AA79=0,0,AA$7)+IF(AB79=0,0,AB$7)+IF(AC79=0,0,AC$7)+IF(AD79=0,0,AD$7) -> 23 | AI79: =IF(AH79=0,0,AG79/AH79) -> 7.6086957 | AJ79: =IF(AH79=23,"P","F") -> P | AK79: =IF(F79>179,1,0) -> 0 | AL79: =IF(F79>159,1,0)-AK79 -> 0 | AM79: =IF(F79>139,1,0)-(AK79+AL79) -> 0 | AN79: =IF(F79>119,1,0)-(AK79+AL79+AM79) -> 0 | AO79: =IF(F79>109,1,0)-(AK79+AL79+AM79+AN79) -> 0 | AP79: =IF(F79>=100,1,0)-(AK79+AL79+AM79+AN79+AO79) -> 0 | AQ79: =IF(F79<100,1,0) -> 1 | AS79: =IF(AK79=0,0,AJ79) -> 0 | AT79: =IF(AL79=0,0,AJ79) -> 0 | AU79: =IF(AM79=0,0,AJ79) -> 0 | AV79: =IF(AN79=0,0,AJ79) -> 0 | AW79: =IF(AO79=0,0,AJ79) -> 0 | AX79: =IF(AP79=0,0,AJ79) -> 0 | AY79: =IF(AQ79=0,0,AJ79) -> P | AZ79: =CONCATENATE(E79,D79) -> HF | BA79: =CONCATENATE(AZ79,V79) -> HFT | BB79: =IF(AZ79="HM",AJ79,"#") -> # | BC79: =IF(AZ79="HF",AJ79,"#") -> P | BD79: =IF(AZ79="DM",AJ79,"#") -> # | BE79: =IF(AZ79="DF",AJ79,"#") -> # | BG79: =IF(AZ79="HM",O79,"#") -> # | BH79: =IF(AZ79="HF",O79,"#") -> 0 | BI79: =IF(AZ79="DM",O79,"#") -> # | BJ79: =IF(AZ79="DF",O79,"#") -> # | BK79: =IF(D79="M",O79,"#") -> # | BL79: =IF(D79="F",O79,"#") -> 0 | BP79: =IF(BA79="HMT",AJ79,"#") -> # | BQ79: =IF(BA79="HFT",AJ79,"#") -> P | BR79: =IF(BA79="DMT",AJ79,"#") -> # | BS79: =IF(BA79="DFT",AJ79,"#") -> # | BT79: =IF(BA79="HMNT",AJ79,"#") -> # | BU79: =IF(BA79="HFNT",AJ79,"#") -> # | BV79: =IF(BA79="DMNT",AJ79,"#") -> # | BW79: =IF(BA79="DFNT",AJ79,"#") -> # | BY79: =IF(BA79="HMT",O79,"#") -> # | BZ79: =IF(BA79="HFT",O79,"#") -> 0 | CA79: =IF(BA79="DMT",O79,"#") -> # | CB79: =IF(BA79="DFT",O79,"#") -> # | CC79: =IF(BA79="HMNT",O79,"#") -> # | CD79: =IF(BA79="HFNT",O79,"#") -> # | CE79: =IF(BA79="DMNT",O79,"#") -> # | CF79: =IF(BA79="DFNT",O79,"#") -> # | CG79: =IF(D79="M",O79,"#") -> # | CH79: =IF(D79="F",O79,"#") -> 0 | CK79: =IF(W79=0,"EEP,"," ") | CL79: =IF(X79=0,"POC,"," ") | CM79: =IF(Y79=0,"DAV,"," ") | CN79: =IF(Z79=0,"EP,"," ") | CO79: =IF(AA79=0,"MAD,"," ") | CP79: =IF(AB79=0,"CCP,"," ") | CQ79: =IF(AC79=0,"UIUX,"," ") | CR79: =IF(AD79=0,"DEV,"," ") | CT79: =O79 -> 0 | CU79: =A79 -> 72 | CV79: =B79 -> 24IT0074 | CW79: =C79 -> KEERTHIKA T C | CX79: =CONCATENATE(CK79,CL79,CM79,CN79,CO79,CP79,CQ79,CR79) | CY79: =CT79 -> 0 | DA79: =IF(E79="H",O79,"#") -> 0 | DB79: =IF(E79="D",O79,"#") -> #
A80: 73 | B80: 24IT0075 | C80: KISHOR KUMAR G S | D80: M | E80: H | G80: O | H80: A | I80: A+ | J80: O | K80: A | L80: A | M80: O | N80: B+ | O80: =COUNTIF(G80:N80,"U")+COUNTIF(G80:N80,"UA")+COUNTIF(G80:N80,"WH") -> 0 | Q80: =AH80 -> 23 | R80: 8.48 | V80: T | W80: =IF(G80="O",10,IF(G80="A+",9,IF(G80="A",8,IF(G80="B+",7,IF(G80="B",6,IF(G80="C",5,IF(G80="RA",0,IF(G80="U",0,IF(G80="UA",0,0))))))))) -> 10 | X80: =IF(H80="O",10,IF(H80="A+",9,IF(H80="A",8,IF(H80="B+",7,IF(H80="B",6,IF(H80="C",5,IF(H80="RA",0,IF(H80="U",0,IF(H80="UA",0,0))))))))) -> 8 | Y80: =IF(I80="O",10,IF(I80="A+",9,IF(I80="A",8,IF(I80="B+",7,IF(I80="B",6,IF(I80="C",5,IF(I80="RA",0,IF(I80="U",0,IF(I80="UA",0,0))))))))) -> 9 | Z80: =IF(J80="O",10,IF(J80="A+",9,IF(J80="A",8,IF(J80="B+",7,IF(J80="B",6,IF(J80="C",5,IF(J80="RA",0,IF(J80="U",0,IF(J80="UA",0,0))))))))) -> 10 | AA80: =IF(K80="O",10,IF(K80="A+",9,IF(K80="A",8,IF(K80="B+",7,IF(K80="B",6,IF(K80="C",5,IF(K80="RA",0,IF(K80="U",0,IF(K80="UA",0,0))))))))) -> 8 | AB80: =IF(L80="O",10,IF(L80="A+",9,IF(L80="A",8,IF(L80="B+",7,IF(L80="B",6,IF(L80="C",5,IF(L80="RA",0,IF(L80="U",0,IF(L80="UA",0,0))))))))) -> 8 | AC80: =IF(M80="O",10,IF(M80="A+",9,IF(M80="A",8,IF(M80="B+",7,IF(M80="B",6,IF(M80="C",5,IF(M80="RA",0,IF(M80="U",0,IF(M80="UA",0,0))))))))) -> 10 | AD80: =IF(N80="O",10,IF(N80="A+",9,IF(N80="A",8,IF(N80="B+",7,IF(N80="B",6,IF(N80="C",5,IF(N80="RA",0,IF(N80="U",0,IF(N80="UA",0,0))))))))) -> 7 | AG80: =(W80*W$7)+(X80*X$7)+(Y80*Y$7)+(Z80*Z$7)+(AA80*AA$7)+(AB80*AB$7)+(AC80*AC$7)+(AD80*AD$7) -> 201 | AH80: =IF(W80=0,0,W$7)+IF(X80=0,0,X$7)+IF(Y80=0,0,Y$7)+IF(Z80=0,0,Z$7)+IF(AA80=0,0,AA$7)+IF(AB80=0,0,AB$7)+IF(AC80=0,0,AC$7)+IF(AD80=0,0,AD$7) -> 23 | AI80: =IF(AH80=0,0,AG80/AH80) -> 8.7391304 | AJ80: =IF(AH80=23,"P","F") -> P | AK80: =IF(F80>179,1,0) -> 0 | AL80: =IF(F80>159,1,0)-AK80 -> 0 | AM80: =IF(F80>139,1,0)-(AK80+AL80) -> 0 | AN80: =IF(F80>119,1,0)-(AK80+AL80+AM80) -> 0 | AO80: =IF(F80>109,1,0)-(AK80+AL80+AM80+AN80) -> 0 | AP80: =IF(F80>=100,1,0)-(AK80+AL80+AM80+AN80+AO80) -> 0 | AQ80: =IF(F80<100,1,0) -> 1 | AS80: =IF(AK80=0,0,AJ80) -> 0 | AT80: =IF(AL80=0,0,AJ80) -> 0 | AU80: =IF(AM80=0,0,AJ80) -> 0 | AV80: =IF(AN80=0,0,AJ80) -> 0 | AW80: =IF(AO80=0,0,AJ80) -> 0 | AX80: =IF(AP80=0,0,AJ80) -> 0 | AY80: =IF(AQ80=0,0,AJ80) -> P | AZ80: =CONCATENATE(E80,D80) -> HM | BA80: =CONCATENATE(AZ80,V80) -> HMT | BB80: =IF(AZ80="HM",AJ80,"#") -> P | BC80: =IF(AZ80="HF",AJ80,"#") -> # | BD80: =IF(AZ80="DM",AJ80,"#") -> # | BE80: =IF(AZ80="DF",AJ80,"#") -> # | BG80: =IF(AZ80="HM",O80,"#") -> 0 | BH80: =IF(AZ80="HF",O80,"#") -> # | BI80: =IF(AZ80="DM",O80,"#") -> # | BJ80: =IF(AZ80="DF",O80,"#") -> # | BK80: =IF(D80="M",O80,"#") -> 0 | BL80: =IF(D80="F",O80,"#") -> # | BP80: =IF(BA80="HMT",AJ80,"#") -> P | BQ80: =IF(BA80="HFT",AJ80,"#") -> # | BR80: =IF(BA80="DMT",AJ80,"#") -> # | BS80: =IF(BA80="DFT",AJ80,"#") -> # | BT80: =IF(BA80="HMNT",AJ80,"#") -> # | BU80: =IF(BA80="HFNT",AJ80,"#") -> # | BV80: =IF(BA80="DMNT",AJ80,"#") -> # | BW80: =IF(BA80="DFNT",AJ80,"#") -> # | BY80: =IF(BA80="HMT",O80,"#") -> 0 | BZ80: =IF(BA80="HFT",O80,"#") -> # | CA80: =IF(BA80="DMT",O80,"#") -> # | CB80: =IF(BA80="DFT",O80,"#") -> # | CC80: =IF(BA80="HMNT",O80,"#") -> # | CD80: =IF(BA80="HFNT",O80,"#") -> # | CE80: =IF(BA80="DMNT",O80,"#") -> # | CF80: =IF(BA80="DFNT",O80,"#") -> # | CG80: =IF(D80="M",O80,"#") -> 0 | CH80: =IF(D80="F",O80,"#") -> # | CK80: =IF(W80=0,"EEP,"," ") | CL80: =IF(X80=0,"POC,"," ") | CM80: =IF(Y80=0,"DAV,"," ") | CN80: =IF(Z80=0,"EP,"," ") | CO80: =IF(AA80=0,"MAD,"," ") | CP80: =IF(AB80=0,"CCP,"," ") | CQ80: =IF(AC80=0,"UIUX,"," ") | CR80: =IF(AD80=0,"DEV,"," ") | CT80: =O80 -> 0 | CU80: =A80 -> 73 | CV80: =B80 -> 24IT0075 | CW80: =C80 -> KISHOR KUMAR G S | CX80: =CONCATENATE(CK80,CL80,CM80,CN80,CO80,CP80,CQ80,CR80) | CY80: =CT80 -> 0 | DA80: =IF(E80="H",O80,"#") -> 0 | DB80: =IF(E80="D",O80,"#") -> #
... A200: 193 | B200: 24IT3005 | C200: VIKRAM K | D200: M | E200: D | G200: O | H200: B | I200: B+ | J200: A+ | K200: B+ | L200: B+ | M200: O | N200: A | O200: =COUNTIF(G200:N200,"U")+COUNTIF(G200:N200,"UA")+COUNTIF(G200:N200,"WH") -> 0 | Q200: =AH200 -> 23 | R200: 7.6 | V200: T | W200: =IF(G200="O",10,IF(G200="A+",9,IF(G200="A",8,IF(G200="B+",7,IF(G200="B",6,IF(G200="C",5,IF(G200="RA",0,IF(G200="U",0,IF(G200="UA",0,0))))))))) -> 10 | X200: =IF(H200="O",10,IF(H200="A+",9,IF(H200="A",8,IF(H200="B+",7,IF(H200="B",6,IF(H200="C",5,IF(H200="RA",0,IF(H200="U",0,IF(H200="UA",0,0))))))))) -> 6 | Y200: =IF(I200="O",10,IF(I200="A+",9,IF(I200="A",8,IF(I200="B+",7,IF(I200="B",6,IF(I200="C",5,IF(I200="RA",0,IF(I200="U",0,IF(I200="UA",0,0))))))))) -> 7 | Z200: =IF(J200="O",10,IF(J200="A+",9,IF(J200="A",8,IF(J200="B+",7,IF(J200="B",6,IF(J200="C",5,IF(J200="RA",0,IF(J200="U",0,IF(J200="UA",0,0))))))))) -> 9 | AA200: =IF(K200="O",10,IF(K200="A+",9,IF(K200="A",8,IF(K200="B+",7,IF(K200="B",6,IF(K200="C",5,IF(K200="RA",0,IF(K200="U",0,IF(K200="UA",0,0))))))))) -> 7 | AB200: =IF(L200="O",10,IF(L200="A+",9,IF(L200="A",8,IF(L200="B+",7,IF(L200="B",6,IF(L200="C",5,IF(L200="RA",0,IF(L200="U",0,IF(L200="UA",0,0))))))))) -> 7 | AC200: =IF(M200="O",10,IF(M200="A+",9,IF(M200="A",8,IF(M200="B+",7,IF(M200="B",6,IF(M200="C",5,IF(M200="RA",0,IF(M200="U",0,IF(M200="UA",0,0))))))))) -> 10 | AD200: =IF(N200="O",10,IF(N200="A+",9,IF(N200="A",8,IF(N200="B+",7,IF(N200="B",6,IF(N200="C",5,IF(N200="RA",0,IF(N200="U",0,IF(N200="UA",0,0))))))))) -> 8 | AG200: =(W200*W$7)+(X200*X$7)+(Y200*Y$7)+(Z200*Z$7)+(AA200*AA$7)+(AB200*AB$7)+(AC200*AC$7)+(AD200*AD$7) -> 180 | AH200: =IF(W200=0,0,W$7)+IF(X200=0,0,X$7)+IF(Y200=0,0,Y$7)+IF(Z200=0,0,Z$7)+IF(AA200=0,0,AA$7)+IF(AB200=0,0,AB$7)+IF(AC200=0,0,AC$7)+IF(AD200=0,0,AD$7) -> 23 | AI200: =IF(AH200=0,0,AG200/AH200) -> 7.826087 | AJ200: =IF(AH200=23,"P","F") -> P | AK200: =IF(F200>179,1,0) -> 0 | AL200: =IF(F200>159,1,0)-AK200 -> 0 | AM200: =IF(F200>139,1,0)-(AK200+AL200) -> 0 | AN200: =IF(F200>119,1,0)-(AK200+AL200+AM200) -> 0 | AO200: =IF(F200>109,1,0)-(AK200+AL200+AM200+AN200) -> 0 | AP200: =IF(F200>=100,1,0)-(AK200+AL200+AM200+AN200+AO200) -> 0 | AQ200: =IF(F200<100,1,0) -> 1 | AS200: =IF(AK200=0,0,AJ200) -> 0 | AT200: =IF(AL200=0,0,AJ200) -> 0 | AU200: =IF(AM200=0,0,AJ200) -> 0 | AV200: =IF(AN200=0,0,AJ200) -> 0 | AW200: =IF(AO200=0,0,AJ200) -> 0 | AX200: =IF(AP200=0,0,AJ200) -> 0 | AY200: =IF(AQ200=0,0,AJ200) -> P | AZ200: =CONCATENATE(E200,D200) -> DM | BA200: =CONCATENATE(AZ200,V200) -> DMT | BB200: =IF(AZ200="HM",AJ200,"#") -> # | BC200: =IF(AZ200="HF",AJ200,"#") -> # | BD200: =IF(AZ200="DM",AJ200,"#") -> P | BE200: =IF(AZ200="DF",AJ200,"#") -> # | BG200: =IF(AZ200="HM",O200,"#") -> # | BH200: =IF(AZ200="HF",O200,"#") -> # | BI200: =IF(AZ200="DM",O200,"#") -> 0 | BJ200: =IF(AZ200="DF",O200,"#") -> # | BK200: =IF(D200="M",O200,"#") -> 0 | BL200: =IF(D200="F",O200,"#") -> # | BP200: =IF(BA200="HMT",AJ200,"#") -> # | BQ200: =IF(BA200="HFT",AJ200,"#") -> # | BR200: =IF(BA200="DMT",AJ200,"#") -> P | BS200: =IF(BA200="DFT",AJ200,"#") -> # | BT200: =IF(BA200="HMNT",AJ200,"#") -> # | BU200: =IF(BA200="HFNT",AJ200,"#") -> # | BV200: =IF(BA200="DMNT",AJ200,"#") -> # | BW200: =IF(BA200="DFNT",AJ200,"#") -> # | BY200: =IF(BA200="HMT",O200,"#") -> # | BZ200: =IF(BA200="HFT",O200,"#") -> # | CA200: =IF(BA200="DMT",O200,"#") -> 0 | CB200: =IF(BA200="DFT",O200,"#") -> # | CC200: =IF(BA200="HMNT",O200,"#") -> # | CD200: =IF(BA200="HFNT",O200,"#") -> # | CE200: =IF(BA200="DMNT",O200,"#") -> # | CF200: =IF(BA200="DFNT",O200,"#") -> # | CG200: =IF(D200="M",O200,"#") -> 0 | CH200: =IF(D200="F",O200,"#") -> # | CK200: =IF(W200=0,"EEP,"," ") | CL200: =IF(X200=0,"POC,"," ") | CM200: =IF(Y200=0,"DAV,"," ") | CN200: =IF(Z200=0,"EP,"," ") | CO200: =IF(AA200=0,"MAD,"," ") | CP200: =IF(AB200=0,"CCP,"," ") | CQ200: =IF(AC200=0,"UIUX,"," ") | CR200: =IF(AD200=0,"DEV,"," ") | CT200: =O200 -> 0 | CU200: =A200 -> 193 | CV200: =B200 -> 24IT3005 | CW200: =C200 -> VIKRAM K | CX200: =CONCATENATE(CK200,CL200,CM200,CN200,CO200,CP200,CQ200,CR200) | CY200: =CT200 -> 0 | DA200: =IF(E200="H",O200,"#") -> # | DB200: =IF(E200="D",O200,"#") -> 0
A201: 194 | B201: 24IT3006 | C201: YOHITHA A | D201: F | E201: D | G201: O | H201: C | I201: B+ | J201: A+ | K201: RA | L201: B+ | M201: O | N201: B+ | O201: =COUNTIF(G201:N201,"U")+COUNTIF(G201:N201,"UA")+COUNTIF(G201:N201,"WH") -> 0 | R201: 7.38 | CU201: =A201 -> 194
A202: WH & Absent(UA) | G202: =COUNTIF(G9:G201,"UA")+COUNTIF(G9:G201,"WH1") -> 0 | H202: =COUNTIF(H9:H201,"UA")+COUNTIF(H9:H201,"WH1") -> 0 | I202: =COUNTIF(I9:I201,"UA")+COUNTIF(I9:I201,"WH1") -> 0 | J202: =COUNTIF(J9:J201,"UA")+COUNTIF(J9:J201,"WH1") -> 0 | K202: =COUNTIF(K9:K201,"UA")+COUNTIF(K9:K201,"WH1") -> 0 | L202: =COUNTIF(L9:L201,"UA")+COUNTIF(L9:L201,"WH1") -> 0 | M202: =COUNTIF(M9:M201,"UA")+COUNTIF(M9:M201,"WH1") -> 0 | N202: =COUNTIF(N9:N201,"UA")+COUNTIF(N9:N201,"WH1") -> 0 | O202: =COUNTIF(O8:O201,0) -> 194 | P202: =COUNTIF(P8:P201,0) -> 0 | Q202: =(O202/O209) -> 1 | R202: all pass | AK202: =SUM(AK8:AK200) -> 0 | AL202: =SUM(AL8:AL200) -> 0 | AM202: =SUM(AM8:AM200) -> 0 | AN202: =SUM(AN8:AN200) -> 0 | AO202: =SUM(AO8:AO200) -> 0 | AP202: =SUM(AP8:AP200) -> 0 | AQ202: =SUM(AQ8:AQ200) -> 193 | AR202: =SUM(AK202:AQ202) -> 193 | AS202: =COUNTIF(AS8:AS200,"P") -> 0 | AT202: =COUNTIF(AT8:AT200,"P") -> 0 | AU202: =COUNTIF(AU8:AU200,"P") -> 0 | AV202: =COUNTIF(AV8:AV200,"P") -> 0 | AW202: =COUNTIF(AW8:AW200,"P") -> 0 | AX202: =COUNTIF(AX8:AX200,"P") -> 0 | AY202: =COUNTIF(AY8:AY200,"P") -> 171 | AZ202: =SUM(AS202:AY202) -> 171 | BB202: =COUNTIF(BB8:BB200,"P") -> 41 | BC202: =COUNTIF(BC8:BC200,"P") -> 32 | BD202: =COUNTIF(BD8:BD200,"P") -> 57 | BE202: =COUNTIF(BE8:BE200,"P") -> 36 | BF202: All Pass | BG202: =COUNTIF(BG8:BG200,0) -> 51 | BH202: =COUNTIF(BH8:BH200,0) -> 32 | BI202: =COUNTIF(BI8:BI200,0) -> 68 | BJ202: =COUNTIF(BJ8:BJ200,0) -> 37 | BK202: =COUNTIF(BK8:BK200,0) -> 119 | BL202: =COUNTIF(BL8:BL200,0) -> 69 | BM202: =SUM(BG202:BJ202) -> 188 | BN202: =BK202+BL202 -> 188 | BP202: =COUNTIF(BP8:BP200,"P") -> 41 | BQ202: =COUNTIF(BQ8:BQ200,"P") -> 31 | BR202: =COUNTIF(BR8:BR200,"P") -> 56 | BS202: =COUNTIF(BS8:BS200,"P") -> 36 | BT202: =COUNTIF(BT8:BT200,"P") -> 0 | BU202: =COUNTIF(BU8:BU200,"P") -> 1 | BV202: =COUNTIF(BV8:BV200,"P") -> 1 | BW202: =COUNTIF(BW8:BW200,"P") -> 0 | BX202: All Pass | BY202: =COUNTIF(BY8:BY200,0) -> 51 | BZ202: =COUNTIF(BZ8:BZ200,0) -> 31 | CA202: =COUNTIF(CA8:CA200,0) -> 66 | CB202: =COUNTIF(CB8:CB200,0) -> 37 | CC202: =COUNTIF(CC8:CC200,0) -> 0 | CD202: =COUNTIF(CD8:CD200,0) -> 1 | CE202: =COUNTIF(CE8:CE200,0) -> 2 | CF202: =COUNTIF(CF8:CF200,0) -> 0 | ... CH202: =COUNTIF(CH8:CH200,0) -> 69 | CI202: =SUM(BY202:CF202) -> 188 | CJ202: =CG202+CH202 -> 188 | CK202: =IF(W202=0,"POC,"," ") -> POC, | CL202: =IF(X202=0,"DAV,"," ") -> DAV, | CM202: =IF(Y202=0,"EP,"," ") -> EP, | CN202: =IF(Z202=0,"MAD,"," ") -> MAD, | CO202: =IF(AB202=0,"UIUX,"," ") -> UIUX, | CP202: =IF(AC202=0,"DEV,"," ") -> DEV, | CZ202: All Pass | DA202: =COUNTIF($DA$8:$DA$200,0) -> 84 | DB202: =COUNTIF($DB$8:$DB$200,0) -> 109
A203: count U | G203: =COUNTIF(G9:G201,"U")+COUNTIF(G9:G201,"RA") -> 1 | H203: =COUNTIF(H9:H201,"U")+COUNTIF(H9:H201,"RA") -> 0 | I203: =COUNTIF(I9:I201,"U")+COUNTIF(I9:I201,"RA") -> 1 | J203: =COUNTIF(J9:J201,"U")+COUNTIF(J9:J201,"RA") -> 5 | K203: =COUNTIF(K9:K201,"U")+COUNTIF(K9:K201,"RA") -> 3 | L203: =COUNTIF(L9:L201,"U")+COUNTIF(L9:L201,"RA") -> 1 | M203: =COUNTIF(M9:M201,"U")+COUNTIF(M9:M201,"RA") -> 1 | N203: =COUNTIF(N9:N201,"U")+COUNTIF(N9:N201,"RA") -> 13 | O203: =COUNTIF(O8:O202,1) -> 0 | P203: =COUNTIF(P8:P201,1) -> 0 | Q203: =(O203/O209) -> 0 | R203: 1- arr | AK203: 180 | AL203: 160 | AM203: 140 | AN203: 120 | AO203: 110 | AP203: 100 | AQ203: <100 | AS203: 180 | AT203: 160 | AU203: 140 | AV203: 120 | AW203: 110 | AX203: 100 | AY203: <100 | AZ203: FAIL | BB203: =BB7 -> HM | BC203: =BC7 -> HF | BD203: =BD7 -> DM | BE203: =BE7 -> DF | BF203: 1- arr | BG203: =COUNTIF(BG8:BG200,1) -> 0 | BH203: =COUNTIF(BH8:BH200,1) -> 0 | BI203: =COUNTIF(BI8:BI200,1) -> 0 | BJ203: =COUNTIF(BJ8:BJ200,1) -> 0 | BK203: =COUNTIF(BK8:BK200,1) -> 0 | BL203: =COUNTIF(BL8:BL200,1) -> 0 | BM203: =SUM(BG203:BJ203) -> 0 | BN203: =BK203+BL203 -> 0 | BP203: =BP7 -> HMT | BQ203: =BQ7 -> HFT | BR203: =BR7 -> DMT | BS203: =BS7 -> DFT | BT203: =BT7 -> HMNT | BU203: =BU7 -> HFNT | BV203: =BV7 -> DMNT | BW203: =BW7 -> DFNT | BX203: 1- arr | BY203: =COUNTIF(BY8:BY200,1) -> 0 | BZ203: =COUNTIF(BZ8:BZ200,1) -> 0 | CA203: =COUNTIF(CA8:CA200,1) -> 0 | CB203: =COUNTIF(CB8:CB200,1) -> 0 | CC203: =COUNTIF(CC8:CC200,1) -> 0 | CD203: =COUNTIF(CD8:CD200,1) -> 0 | CE203: =COUNTIF(CE8:CE200,1) -> 0 | CF203: =COUNTIF(CF8:CF200,1) -> 0 | ... CH203: =COUNTIF(CH8:CH200,1) -> 0 | CI203: =SUM(BY203:CF203) -> 0 | CJ203: =CG203+CH203 -> 0 | CK203: =CK7 -> ES4301 | CL203: =CL7 -> IT4301 | CM203: =CM7 -> IT4302 | CN203: =CN7 -> IT4303 | CO203: =CO7 -> IT4304 | CP203: =CP7 -> IT4305 | CQ203: =CQ7 -> IT4306 | CR203: =CR7 -> MA4302 | CS203: =CS7 -> 0 | CZ203: 1- arr | DA203: =COUNTIF($DA$8:$DA$200,1) -> 0 | DB203: =COUNTIF($DB$8:$DB$200,1) -> 0
A204: "O" COUNT | G204: =COUNTIF(G9:G201,"O") -> 187 | H204: =COUNTIF(H9:H201,"O") -> 4 | I204: =COUNTIF(I9:I201,"O") -> 53 | J204: =COUNTIF(J9:J201,"O") -> 54 | K204: =COUNTIF(K9:K201,"O") -> 41 | L204: =COUNTIF(L9:L201,"O") -> 4 | M204: =COUNTIF(M9:M201,"O") -> 187 | N204: =COUNTIF(N9:N201,"O") -> 0 | O204: =COUNTIF(O8:O201,2) -> 0 | P204: =COUNTIF(P8:P201,2) -> 0 | Q204: =(O204/O209) -> 0 | R204: 2-arr | AK204: C-Off | AL204: Regd | AM204: Pass | AN204: Pass% | AS204: =COUNTIF(AS8:AS200,"F") -> 0 | AT204: =COUNTIF(AT8:AT200,"F") -> 0 | AU204: =COUNTIF(AU8:AU200,"F") -> 0 | AV204: =COUNTIF(AV8:AV200,"F") -> 0 | AW204: =COUNTIF(AW8:AW200,"F") -> 0 | AX204: =COUNTIF(AX8:AX200,"F") -> 0 | AY204: =COUNTIF(AY8:AY200,"F") -> 22 | AZ204: =SUM(AS204:AY204) -> 22 | BB204: Regd | BC204: Pass | BD204: Pass% | BF204: 2-arr | BG204: =COUNTIF(BG8:BG200,2) -> 0 | BH204: =COUNTIF(BH8:BH200,2) -> 0 | BI204: =COUNTIF(BI8:BI200,2) -> 0 | BJ204: =COUNTIF(BJ8:BJ200,2) -> 0 | BK204: =COUNTIF(BK8:BK200,2) -> 0 | BL204: =COUNTIF(BL8:BL200,2) -> 0 | BM204: =SUM(BG204:BJ204) -> 0 | BN204: =BK204+BL204 -> 0 | BP204: Regd | BQ204: Pass | BR204: Pass% | BX204: 2-arr | BY204: =COUNTIF(BY8:BY200,2) -> 0 | BZ204: =COUNTIF(BZ8:BZ200,2) -> 0 | CA204: =COUNTIF(CA8:CA200,2) -> 0 | CB204: =COUNTIF(CB8:CB200,2) -> 0 | CC204: =COUNTIF(CC8:CC200,2) -> 0 | CD204: =COUNTIF(CD8:CD200,2) -> 0 | CE204: =COUNTIF(CE8:CE200,2) -> 0 | CF204: =COUNTIF(CF8:CF200,2) -> 0 | ... CH204: =COUNTIF(CH8:CH200,2) -> 0 | CI204: =SUM(BY204:CF204) -> 0 | CJ204: =CG204+CH204 -> 0 | CZ204: 2-arr | DA204: =COUNTIF($DA$8:$DA$200,2) -> 0 | DB204: =COUNTIF($DB$8:$DB$200,2) -> 0
A205: "A+" COUNT | G205: =COUNTIF(G9:G201,"A+") -> 0 | H205: =COUNTIF(H9:H201,"A+") -> 17 | I205: =COUNTIF(I9:I201,"A+") -> 41 | J205: =COUNTIF(J9:J201,"A+") -> 116 | K205: =COUNTIF(K9:K201,"A+") -> 18 | L205: =COUNTIF(L9:L201,"A+") -> 17 | M205: =COUNTIF(M9:M201,"A+") -> 0 | N205: =COUNTIF(N9:N201,"A+") -> 4 | O205: =COUNTIF(O8:O201,3) -> 0 | P205: =COUNTIF(P8:P201,3) -> 0 | Q205: =(O205/O209) -> 0 | R205: 3-arr | AK205: 180 | AL205: =AK202 -> 0 | AM205: =AS202 -> 0 | AN205: =IF(AM205=0,0,AM205/AL205) -> 0 | AZ205: =AZ204+AZ202 -> 193 | BA205: =BB203 -> HM | BB205: =COUNTIF(AZ8:AZ200,"HM") -> 51 | BC205: =BB202 -> 41 | BD205: =(BC205/BB205)*100 -> 80.392157 | BF205: 3-arr | BG205: =COUNTIF(BG8:BG200,3) -> 0 | BH205: =COUNTIF(BH8:BH200,3) -> 0 | BI205: =COUNTIF(BI8:BI200,3) -> 0 | BJ205: =COUNTIF(BJ8:BJ200,3) -> 0 | BK205: =COUNTIF(BK8:BK200,3) -> 0 | BL205: =COUNTIF(BL8:BL200,3) -> 0 | BM205: =SUM(BG205:BJ205) -> 0 | BN205: =BK205+BL205 -> 0 | BO205: HMT | BP205: =COUNTIF(BA8:BA200,"HMT") -> 51 | BQ205: =BP202 -> 41 | BR205: =BQ205/BP205 -> 0.80392157 | BX205: 3-arr | BY205: =COUNTIF(BY8:BY200,3) -> 0 | BZ205: =COUNTIF(BZ8:BZ200,3) -> 0 | CA205: =COUNTIF(CA8:CA200,3) -> 0 | CB205: =COUNTIF(CB8:CB200,3) -> 0 | CC205: =COUNTIF(CC8:CC200,3) -> 0 | CD205: =COUNTIF(CD8:CD200,3) -> 0 | CE205: =COUNTIF(CE8:CE200,3) -> 0 | CF205: =COUNTIF(CF8:CF200,3) -> 0 | ... CH205: =COUNTIF(CH8:CH200,3) -> 0 | CI205: =SUM(BY205:CF205) -> 0 | CJ205: =CG205+CH205 -> 0 | CZ205: 3-arr | DA205: =COUNTIF($DA$8:$DA$200,3) -> 0 | DB205: =COUNTIF($DB$8:$DB$200,3) -> 0
A206: "A" COUNT | G206: =COUNTIF(G9:G201,"A") -> 0 | H206: =COUNTIF(H9:H201,"A") -> 98 | I206: =COUNTIF(I9:I201,"A") -> 25 | J206: =COUNTIF(J9:J201,"A") -> 12 | K206: =COUNTIF(K9:K201,"A") -> 52 | L206: =COUNTIF(L9:L201,"A") -> 89 | M206: =COUNTIF(M9:M201,"A") -> 0 | N206: =COUNTIF(N9:N201,"A") -> 38 | O206: =COUNTIF(O8:O201,4) -> 0 | P206: =COUNTIF(P8:P201,4) -> 0 | Q206: =(O206/O209) -> 0 | R206: 4-arr | AK206: 160 | AL206: =AL202 -> 0 | AM206: =AT202 -> 0 | AN206: =IF(AM206=0,0,AM206/AL206) -> 0 | BA206: =BC203 -> HF | BB206: =COUNTIF(AZ8:AZ200,"HF") -> 32 | BC206: =BC202 -> 32 | BD206: =(BC206/BB206)*100 -> 100 | BF206: 4-arr | BG206: =COUNTIF(BG8:BG200,4) -> 0 | BH206: =COUNTIF(BH8:BH200,4) -> 0 | BI206: =COUNTIF(BI8:BI200,4) -> 0 | BJ206: =COUNTIF(BJ8:BJ200,4) -> 0 | BK206: =COUNTIF(BK8:BK200,4) -> 0 | BL206: =COUNTIF(BL8:BL200,4) -> 0 | BM206: =SUM(BG206:BJ206) -> 0 | BN206: =BK206+BL206 -> 0 | BO206: HFT | BP206: =COUNTIF(BA8:BA200,"HFT") -> 31 | BQ206: =BQ202 -> 31 | BR206: =BQ206/BP206 -> 1 | BX206: 4-arr | BY206: =COUNTIF(BY8:BY200,4) -> 0 | BZ206: =COUNTIF(BZ8:BZ200,4) -> 0 | CA206: =COUNTIF(CA8:CA200,4) -> 0 | CB206: =COUNTIF(CB8:CB200,4) -> 0 | CC206: =COUNTIF(CC8:CC200,4) -> 0 | CD206: =COUNTIF(CD8:CD200,4) -> 0 | CE206: =COUNTIF(CE8:CE200,4) -> 0 | CF206: =COUNTIF(CF8:CF200,4) -> 0 | ... CH206: =COUNTIF(CH8:CH200,4) -> 0 | CI206: =SUM(BY206:CF206) -> 0 | CJ206: =CG206+CH206 -> 0 | CZ206: 4-arr | DA206: =COUNTIF($DA$8:$DA$200,4) -> 0 | DB206: =COUNTIF($DB$8:$DB$200,4) -> 0
A207: "B+" COUNT | G207: =COUNTIF(G9:G201,"B+") -> 0 | H207: =COUNTIF(H9:H201,"B+") -> 37 | I207: =COUNTIF(I9:I201,"B+") -> 66 | J207: =COUNTIF(J9:J201,"B+") -> 0 | K207: =COUNTIF(K9:K201,"B+") -> 57 | L207: =COUNTIF(L9:L201,"B+") -> 55 | M207: =COUNTIF(M9:M201,"B+") -> 0 | N207: =COUNTIF(N9:N201,"B+") -> 116 | O207: =COUNTIF(O8:O201,5) -> 0 | P207: =COUNTIF(P8:P201,5) -> 0 | Q207: =(O207/O209) -> 0 | R207: 5-arr | AK207: 140 | AL207: =AM202 -> 0 | AM207: =AU202 -> 0 | AN207: =IF(AM207=0,0,AM207/AL207) -> 0 | BA207: =BD203 -> DM | BB207: =COUNTIF(AZ8:AZ200,"DM") -> 68 | BC207: =BD202 -> 57 | BD207: =(BC207/BB207)*100 -> 83.823529 | BF207: 5-arr | BG207: =COUNTIF(BG8:BG200,5) -> 0 | BH207: =COUNTIF(BH8:BH200,5) -> 0 | BI207: =COUNTIF(BI8:BI200,5) -> 0 | BJ207: =COUNTIF(BJ8:BJ200,5) -> 0 | BK207: =COUNTIF(BK8:BK200,5) -> 0 | BL207: =COUNTIF(BL8:BL200,5) -> 0 | BM207: =SUM(BG207:BJ207) -> 0 | BN207: =BK207+BL207 -> 0 | BO207: DMT | BP207: =COUNTIF(BA8:BA200,"DMT") -> 66 | BQ207: =BR202 -> 56 | BR207: =BQ207/BP207 -> 0.84848485 | BX207: 5-arr | BY207: =COUNTIF(BY8:BY200,5) -> 0 | BZ207: =COUNTIF(BZ8:BZ200,5) -> 0 | CA207: =COUNTIF(CA8:CA200,5) -> 0 | CB207: =COUNTIF(CB8:CB200,5) -> 0 | CC207: =COUNTIF(CC8:CC200,5) -> 0 | CD207: =COUNTIF(CD8:CD200,5) -> 0 | CE207: =COUNTIF(CE8:CE200,5) -> 0 | CF207: =COUNTIF(CF8:CF200,5) -> 0 | ... CH207: =COUNTIF(CH8:CH200,5) -> 0 | CI207: =SUM(BY207:CF207) -> 0 | CJ207: =CG207+CH207 -> 0 | CZ207: 5-arr | DA207: =COUNTIF($DA$8:$DA$200,5) -> 0 | DB207: =COUNTIF($DB$8:$DB$200,5) -> 0
A208: "B" COUNT | G208: =COUNTIF(G9:G201,"B") -> 0 | H208: =COUNTIF(H9:H201,"B") -> 24 | I208: =COUNTIF(I9:I201,"B") -> 0 | J208: =COUNTIF(J9:J201,"B") -> 0 | K208: =COUNTIF(K9:K201,"B") -> 13 | L208: =COUNTIF(L9:L201,"B") -> 19 | M208: =COUNTIF(M9:M201,"B") -> 0 | N208: =COUNTIF(N9:N201,"B") -> 0 | O208: =COUNTIF(O8:O201,">5") -> 0 | P208: =COUNTIF(P8:P201,">5") -> 0 | Q208: =(O208/O209) -> 0 | R208: >5-arr | AK208: 120 | AL208: =AN202 -> 0 | AM208: =AV202 -> 0 | AN208: =IF(AM208=0,0,AM208/AL208) -> 0 | BA208: =BE203 -> DF | BB208: =COUNTIF(AZ8:AZ200,"DF") -> 37 | BC208: =BE202 -> 36 | BD208: =(BC208/BB208)*100 -> 97.297297 | BF208: >5-arr | BG208: =COUNTIF(BG8:BG200,">5") -> 0 | BH208: =COUNTIF(BH8:BH200,">5") -> 0 | BI208: =COUNTIF(BI8:BI200,">5") -> 0 | BJ208: =COUNTIF(BJ8:BJ200,">5") -> 0 | BK208: =COUNTIF(BK8:BK200,">5") -> 0 | BL208: =COUNTIF(BL8:BL200,">5") -> 0 | BM208: =SUM(BG208:BJ208) -> 0 | BN208: =BK208+BL208 -> 0 | BO208: DFT | BP208: =COUNTIF(BA8:BA203,"DFT") -> 37 | BQ208: =BS202 -> 36 | BR208: =BQ208/BP208 -> 0.97297297 | BX208: >5-arr | BY208: =COUNTIF(BY8:BY200,">5") -> 0 | BZ208: =COUNTIF(BZ8:BZ200,">5") -> 0 | CA208: =COUNTIF(CA8:CA200,">5") -> 0 | CB208: =COUNTIF(CB8:CB200,">5") -> 0 | CC208: =COUNTIF(CC8:CC200,">5") -> 0 | CD208: =COUNTIF(CD8:CD200,">5") -> 0 | CE208: =COUNTIF(CE8:CE200,">5") -> 0 | CF208: =COUNTIF(CF8:CF200,">5") -> 0 | ... CH208: =COUNTIF(CH8:CH200,">5") -> 0 | CI208: =SUM(BY208:CF208) -> 0 | CJ208: =CG208+CH208 -> 0 | CZ208: >5-arr | DA208: =COUNTIF($DA$8:$DA$200,6) -> 0 | DB208: =COUNTIF($DB$8:$DB$200,6) -> 0
F209: "-" COUNT | G209: =COUNTIF(G9:G201,"-") -> 5 | H209: =COUNTIF(H9:H201,"-") -> 5 | I209: =COUNTIF(I9:I201,"-") -> 5 | J209: =COUNTIF(J9:J201,"-") -> 5 | K209: =COUNTIF(K9:K201,"-") -> 5 | L209: =COUNTIF(L9:L201,"-") -> 5 | M209: =COUNTIF(M9:M201,"-") -> 5 | N209: =COUNTIF(N9:N201,"-") -> 5 | O209: =SUM(O202:O208) -> 194 | P209: =SUM(P202:P208) -> 0 | Q209: =(O209/O209) -> 1 | R209: Total | AK209: 110 | AL209: =AO202 -> 0 | AM209: =AW202 -> 0 | AN209: =IF(AM209=0,0,AM209/AL209) -> 0 | BA209: F | BB209: =BB206+BB208 -> 69 | BC209: =BC206+BC208 -> 68 | BD209: =BC209/BB209 -> 0.98550725 | BF209: Total | BG209: =SUM(BG202:BG208) -> 51 | BH209: =SUM(BH202:BH208) -> 32 | BI209: =SUM(BI202:BI208) -> 68 | BJ209: =SUM(BJ202:BJ208) -> 37 | BK209: =SUM(BK202:BK208) -> 119 | BL209: =SUM(BL202:BL208) -> 69 | BM209: =SUM(BG209:BJ209) -> 188 | BN209: =BK209+BL209 -> 188 | BO209: HMNT | BP209: =COUNTIF(BA8:BA200,"HMNT") -> 0 | BQ209: =BT202 -> 0 | BR209: =BQ209/BP209 -> #DIV/0! | BX209: Total | BY209: =SUM(BY202:BY208) -> 51 | BZ209: =SUM(BZ202:BZ208) -> 31 | CA209: =SUM(CA202:CA208) -> 66 | CB209: =SUM(CB202:CB208) -> 37 | CC209: =SUM(CC202:CC208) -> 0 | CD209: =SUM(CD202:CD208) -> 1 | CE209: =SUM(CE202:CE208) -> 2 | CF209: =SUM(CF202:CF208) -> 0 | ... CH209: =SUM(CH202:CH208) -> 69 | CI209: =SUM(BY209:CF209) -> 188 | CJ209: =CG209+CH209 -> 188 | CZ209: Total | DA209: =SUM(DA202:DA208) -> 84 | DB209: =SUM(DB202:DB208) -> 109
C210: "C" COUNT | G210: =COUNTIF(G10:G202,"C") -> 0 | H210: =COUNTIF(H10:H202,"C") -> 7 | I210: =COUNTIF(I10:I202,"C") -> 0 | J210: =COUNTIF(J10:J202,"C") -> 0 | K210: =COUNTIF(K10:K202,"C") -> 2 | L210: =COUNTIF(L10:L202,"C") -> 1 | M210: =COUNTIF(M10:M202,"C") -> 0 | N210: =COUNTIF(N10:N202,"C") -> 16
F211: "BLANK" COUNT | G211: =COUNTBLANK(G9:G201) -> 0 | H211: =COUNTBLANK(H9:H201) -> 0 | I211: =COUNTBLANK(I9:I201) -> 0 | J211: =COUNTBLANK(J9:J201) -> 0 | K211: =COUNTBLANK(K9:K201) -> 0 | L211: =COUNTBLANK(L9:L201) -> 0 | M211: =COUNTBLANK(M9:M201) -> 0 | N211: =COUNTBLANK(N9:N201) -> 0
A212: Pass | G212: =SUM(G204:G211) -> 192 | H212: =SUM(H204:H211) -> 192 | I212: =SUM(I204:I211) -> 190 | J212: =SUM(J204:J211) -> 187 | K212: =SUM(K204:K211) -> 188 | L212: =SUM(L204:L211) -> 190 | M212: =SUM(M204:M211) -> 192 | N212: =SUM(N204:N211) -> 179 | Q212: =SUM(G212:K212) -> 949 | R212: Script Ps | AK212: 100 | AL212: =AP202 -> 0 | AM212: =AX202 -> 0 | AN212: =IF(AM212=0,0,AM212/AL212) -> 0 | BA212: M | BB212: =BB205+BB207 -> 119 | BC212: =BC205+BC207 -> 98 | BD212: =BD205+BD207 -> 164.21569 | BG212: =BG7 -> HM | BH212: =BH7 -> HF | BI212: =BI7 -> DM | BJ212: =BJ7 -> DF | BK212: =BK7 -> M | BL212: =BL7 -> F | BO212: HFNT | BP212: =COUNTIF(BA8:BA200,"HFNT") -> 1 | BQ212: =BU202 -> 1 | BR212: =IF(BP212=0,0,BQ212/BP212) -> 1 | BY212: =BY7 -> HMT | BZ212: =BZ7 -> HFT | CA212: =CA7 -> DMT | CB212: =CB7 -> DFT | CC212: =CC7 -> HMNT | CD212: =CD7 -> HFNT | CE212: =CE7 -> DMNT | CF212: =CF7 -> DFNT | ... CH212: =CH7 -> F | DA212: H | DB212: D
A213: Total APPEARED | G213: =SUM(G203:G211) -> 193 | H213: =SUM(H203:H211) -> 192 | I213: =SUM(I203:I211) -> 191 | J213: =SUM(J203:J211) -> 192 | K213: =SUM(K203:K211) -> 191 | L213: =SUM(L203:L211) -> 191 | M213: =SUM(M203:M211) -> 193 | N213: =SUM(N203:N211) -> 192 | Q213: =SUM(G213:K213) -> 959 | R213: Script Tot | AK213: <100 | AL213: =AQ202 -> 193 | AM213: =AY202 -> 171 | AN213: =IF(AM213=0,0,AM213/AL213) -> 0.88601036 | BA213: =AK214 -> IT-III | BB213: =SUM(BB209:BB212) -> 188 | BC213: =SUM(BC209:BC212) -> 166 | BD213: =BC213/BB213 -> 0.88297872 | BO213: DMNT | BP213: =COUNTIF(BA8:BA200,"DMNT") -> 2 | BQ213: =BV202 -> 1 | BR213: =IF(BP213=0,0,BQ213/BP213) -> 0.5
A214: Pass % | G214: =(G212/$O$209)*100 -> 98.969072 | H214: =(H212/$O$209)*100 -> 98.969072 | I214: =(I212/$O$209)*100 -> 97.938144 | J214: =(J212/$O$209)*100 -> 96.391753 | K214: =(K212/$O$209)*100 -> 96.907216 | L214: =(L212/$O$209)*100 -> 97.938144 | M214: =(M212/$O$209)*100 -> 98.969072 | N214: =(N212/$O$209)*100 -> 92.268041 | Q214: =Q212/Q213 -> 0.98957247 | R214: Script % | AK214: IT-III | AL214: =SUM(AL205:AL213) -> 193 | AM214: =SUM(AM205:AM213) -> 171 | AN214: =IF(AM214=0,0,AM214/AL214) -> 0.88601036 | BO214: DFNT | BP214: =COUNTIF(BA8:BA200,"DFNT") -> 0 | BQ214: =BW202 -> 0 | BR214: =IF(BP214=0,0,BQ214/BP214) -> 0
A215: Subject Name | G215: =G6 -> ES4301 | H215: =H6 -> IT4301 | I215: =I6 -> IT4302 | J215: =J6 -> IT4303 | K215: =K6 -> IT4304 | L215: =L6 -> IT4305 | M215: =M6 -> IT4306 | N215: =N6 -> MA4302 | BD215: Regd | BE215: Pass | BF215: H/D | BG215: 1 | BH215: 2 | BI215: 3 | BJ215: 4 | BK215: 5 | BL215: >5 | BO215: F | BP215: =BP206+BP208+BP212+BP214 -> 69 | BQ215: =BQ206+BQ208+BQ212+BQ214 -> 68 | BR215: =IF(BP215=0,0,BQ215/BP215) -> 0.98550725
A216: Subject Code | G216: =G7 -> EES | H216: =H7 -> CA | I216: =I7 -> OS | J216: =J7 -> DAA | K216: =K7 -> AIML | L216: =L7 -> PYTHON | M216: =M7 -> CCP | N216: =N7 -> DM | BD216: =BB212 -> 119 | BE216: =BC212 -> 98 | BF216: M | BG216: =BK203 -> 0 | BH216: =BK204 -> 0 | BI216: =BK205 -> 0 | BJ216: =BK206 -> 0 | BK216: =BK207 -> 0 | BL216: =BK208 -> 0 | BO216: M | BP216: =BP205+BP207+BP209+BP213 -> 119 | BQ216: =BQ205+BQ207+BQ209+BQ213 -> 98 | BR216: =IF(BP216=0,0,BQ216/BP216) -> 0.82352941
A217: Staffs | G217: Class Advisor | H217: Dr.D.Rosy/Ms.Tharabai | I217: Ms.S.Suganya/Mr.S.Kumaragurubaran | J217: Mr.S.Jawagar/Mr.A.Anbumani | K217: Mr.A.Marimuthu/Dr.S.K.Muthusundar | L217: Ms.D.Lita/Mr.Sumit | M217: Class Advisor | N217: Dr.Ramar | BD217: =BB209 -> 69 | BE217: =BC209 -> 68 | BF217: F | BG217: =BL203 -> 0 | BH217: =BL204 -> 0 | BI217: =BL205 -> 0 | BJ217: =BL206 -> 0 | BK217: =BL207 -> 0 | BL217: =BL208 -> 0 | BO217: IT-II | BP217: =SUM(BP215:BP216) -> 188 | BQ217: =SUM(BQ215:BQ216) -> 166 | BR217: =IF(BP217=0,0,BQ217/BP217) -> 0.88297872 | BV217: Regd | BW217: Pass | BX217: T/NT | BY217: 1 | BZ217: 2 | CA217: 3 | CB217: 4 | CC217: 5 | CD217: >5
BD218: =BB205 -> 51 | BE218: =BC205 -> 41 | BF218: HM | BG218: =BG203 -> 0 | BH218: =BG204 -> 0 | BI218: =BG205 -> 0 | BJ218: =BG206 -> 0 | BK218: =BG207 -> 0 | BL218: =BG208 -> 0 | BV218: =BP216 -> 119 | BW218: =BQ216 -> 98 | BX218: M | BY218: =CG203 -> 0 | BZ218: =CG204 -> 0 | CA218: =CG205 -> 0 | CB218: =CG206 -> 0 | CC218: =CG207 -> 0 | CD218: =CG208 -> 0
B219: Prepared By | F219: Verified by | G219: Verified by | N219: Approved By | BD219: =BB206 -> 32 | BE219: =BC206 -> 32 | BF219: HF | BG219: =BH203 -> 0 | BH219: =BH204 -> 0 | BI219: =BH205 -> 0 | BJ219: =BH206 -> 0 | BK219: =BH207 -> 0 | BL219: =BH208 -> 0 | BV219: =BP215 -> 69 | BW219: =BQ215 -> 68 | BX219: F | BY219: =CH203 -> 0 | BZ219: =CH204 -> 0 | CA219: =CH205 -> 0 | CB219: =CH206 -> 0 | CC219: =CH207 -> 0 | CD219: =CH208 -> 0
BD229: =BB207 -> 68 | BE229: =BC207 -> 57 | BF229: DM | BG229: =BI203 -> 0 | BH229: =BI204 -> 0 | BI229: =BI205 -> 0 | BJ229: =BI206 -> 0 | BK229: =BI207 -> 0 | BL229: =BI208 -> 0 | BV229: =BP205 -> 51 | BW229: =BQ205 -> 41 | BX229: HMT | BY229: =BY203 -> 0 | BZ229: =BY204 -> 0 | CA229: =BY205 -> 0 | CB229: =BY206 -> 0 | CC229: =BY207 -> 0 | CD229: =BY208 -> 0
G230: Pass % | H230: "O" | I230: "A+" | J230: "A" | K230: "B+" | L230: "B" | M230: "C" | N230: "U" | O230: FACULTY | S230: UA | BD230: =BB208 -> 37 | BE230: =BC208 -> 36 | BF230: DF | BG230: =BJ203 -> 0 | BH230: =BJ204 -> 0 | BI230: =BJ205 -> 0 | BJ230: =BJ206 -> 0 | BK230: =BJ207 -> 0 | BL230: =BJ208 -> 0 | BV230: =BP206 -> 31 | BW230: =BQ206 -> 31 | BX230: HFT | BY230: =BZ203 -> 0 | BZ230: =BZ204 -> 0 | CA230: =BZ205 -> 0 | CB230: =BZ206 -> 0 | CC230: =BZ207 -> 0 | CD230: =BZ208 -> 0
C231: =G6 -> ES4301 | F231: =G7 -> EES | G231: =G214 -> 98.969072 | H231: =G204 -> 187 | I231: =G205 -> 0 | J231: =G206 -> 0 | K231: =G207 -> 0 | L231: =G208 -> 0 | M231: =G210 -> 0 | N231: =G203 -> 1 | O231: =G217 -> Class Advisor | S231: =G203 -> 1 | BD231: =BB213 -> 188 | BE231: =BC213 -> 166 | BF231: Total | BG231: =BG216+BG217 -> 0 | BH231: =BH216+BH217 -> 0 | BI231: =BI216+BI217 -> 0 | BJ231: =BJ216+BJ217 -> 0 | BK231: =BK216+BK217 -> 0 | BL231: =BL216+BL217 -> 0 | BV231: =BP207 -> 66 | BW231: =BQ207 -> 56 | BX231: DMT | BY231: =CA203 -> 0 | BZ231: =CA204 -> 0 | CA231: =CA205 -> 0 | CB231: =CA206 -> 0 | CC231: =CA207 -> 0 | CD231: =CA208 -> 0
C232: =H6 -> IT4301 | F232: =H7 -> CA | G232: =H214 -> 98.969072 | H232: =H204 -> 4 | I232: =H205 -> 17 | J232: =H206 -> 98 | K232: =H207 -> 37 | L232: =H208 -> 24 | M232: =H210 -> 7 | N232: =H203 -> 0 | O232: =H217 -> Dr.D.Rosy/Ms.Tharabai | S232: =H203 -> 0 | BV232: =BP208 -> 37 | BW232: =BQ208 -> 36 | BX232: DFT | BY232: =CB203 -> 0 | BZ232: =CB204 -> 0 | CA232: =CB205 -> 0 | CB232: =CB206 -> 0 | CC232: =CB207 -> 0 | CD232: =CB208 -> 0
C233: =I6 -> IT4302 | F233: =I7 -> OS | G233: =I214 -> 97.938144 | H233: =I204 -> 53 | I233: =I205 -> 41 | J233: =I206 -> 25 | K233: =I207 -> 66 | L233: =I208 -> 0 | M233: =H209 -> 5 | N233: =I203 -> 1 | O233: =I217 -> Ms.S.Suganya/Mr.S.Kumaragurubaran | S233: =I203 -> 1 | BV233: =BP209 -> 0 | BW233: =BQ209 -> 0 | BX233: HMNT | BY233: =CC203 -> 0 | BZ233: =CC204 -> 0 | CA233: =CC205 -> 0 | CB233: =CC206 -> 0 | CC233: =CC207 -> 0 | CD233: =CC208 -> 0
C234: =J6 -> IT4303 | F234: =J7 -> DAA | G234: =J214 -> 96.391753 | H234: =J204 -> 54 | I234: =J205 -> 116 | J234: =J206 -> 12 | K234: =J207 -> 0 | L234: =J208 -> 0 | M234: =J210 -> 0 | N234: =J203 -> 5 | O234: =J217 -> Mr.S.Jawagar/Mr.A.Anbumani | S234: =J203 -> 5 | BV234: =BP212 -> 1 | BW234: =BQ212 -> 1 | BX234: HFNT | BY234: =CD203 -> 0 | BZ234: =CD204 -> 0 | CA234: =CD205 -> 0 | CB234: =CD206 -> 0 | CC234: =CD207 -> 0 | CD234: =CD208 -> 0
C235: =K6 -> IT4304 | F235: =K7 -> AIML | G235: =K214 -> 96.907216 | H235: =K204 -> 41 | I235: =K205 -> 18 | J235: =K206 -> 52 | K235: =K207 -> 57 | L235: =K208 -> 13 | M235: =J209 -> 5 | N235: =K203 -> 3 | O235: =K217 -> Mr.A.Marimuthu/Dr.S.K.Muthusundar | S235: =K203 -> 3 | BV235: =BP213 -> 2 | BW235: =BQ213 -> 1 | BX235: DMNT | BY235: =CE203 -> 0 | BZ235: =CE204 -> 0 | CA235: =CE205 -> 0 | CB235: =CE206 -> 0 | CC235: =CE207 -> 0 | CD235: =CE207 -> 0
C236: =L6 -> IT4305 | F236: =L7 -> PYTHON | G236: =L214 -> 97.938144 | H236: =L204 -> 4 | I236: =L205 -> 17 | J236: =L206 -> 89 | K236: =L207 -> 55 | L236: =L208 -> 19 | M236: =L210 -> 1 | N236: =L203 -> 1 | O236: =L217 -> Ms.D.Lita/Mr.Sumit | S236: =L203 -> 1 | BV236: =BP214 -> 0 | BW236: =BQ214 -> 0 | BX236: DFNT | BY236: =CF203 -> 0 | BZ236: =CF204 -> 0 | CA236: =CF205 -> 0 | CB236: =CF206 -> 0 | CC236: =CF207 -> 0 | CD236: =CF208 -> 0
C237: =M6 -> IT4306 | F237: =M7 -> CCP | G237: =M214 -> 98.969072 | H237: =M204 -> 187 | I237: =M205 -> 0 | J237: =M206 -> 0 | K237: =M206 -> 0 | L237: =M207 -> 0 | M237: =M210 -> 0 | N237: =M203 -> 1 | O237: =M217 -> Class Advisor | S237: =M203 -> 1
C238: =N6 -> MA4302 | F238: =N7 -> DM | G238: =N214 -> 92.268041 | H238: =N204 -> 0 | I238: =N205 -> 4 | J238: =N206 -> 38 | K238: =N207 -> 116 | L238: =N208 -> 0 | M238: =N210 -> 16 | N238: =N203 -> 13 | O238: =N217 -> Dr.Ramar | S238: =N203 -> 13
